Num_Acc;senc;catv;occutc;obs;obsm;choc;manv;num_veh
201800012217;0.0;1;0;0.0;5.0;2.0;0.0;A01
201800012232;0.0;1;0;0.0;2.0;1.0;1.0;B01
201800012242;0.0;1;0;1.0;0.0;1.0;13.0;A01
201800012252;1.0;1;0;0.0;2.0;1.0;1.0;B01
201800012264;0.0;1;0;0.0;2.0;0.0;0.0;B01
201800012275;0.0;1;0;0.0;2.0;4.0;14.0;B01
201800012325;0.0;1;0;0.0;2.0;1.0;1.0;B01
201800012329;0.0;1;0;0.0;0.0;8.0;0.0;A01
201800012356;0.0;1;0;0.0;0.0;0.0;1.0;C01
201800012356;0.0;1;0;0.0;0.0;1.0;1.0;B01
201800012379;2.0;1;0;0.0;2.0;1.0;1.0;A01
201800012396;1.0;1;0;0.0;2.0;4.0;1.0;B01
201800012455;1.0;1;0;0.0;0.0;0.0;2.0;A01
201800012483;0.0;1;0;0.0;9.0;2.0;1.0;A01
201800012483;0.0;1;0;0.0;9.0;3.0;1.0;B01
201800012491;1.0;1;0;0.0;2.0;8.0;2.0;B01
201800012492;0.0;1;0;0.0;0.0;0.0;0.0;A01
201800012494;2.0;1;0;0.0;2.0;1.0;13.0;A01
201800012498;2.0;1;0;0.0;0.0;6.0;14.0;B01
201800012560;0.0;1;0;0.0;0.0;8.0;1.0;B01
201800012564;0.0;1;0;0.0;0.0;2.0;13.0;A01
201800012603;1.0;1;0;0.0;2.0;3.0;13.0;A01
201800012613;1.0;1;0;0.0;2.0;1.0;1.0;B01
201800012618;1.0;1;0;0.0;2.0;1.0;1.0;A01
201800012644;1.0;1;0;0.0;2.0;1.0;13.0;A01
201800012646;2.0;1;0;0.0;2.0;1.0;1.0;B01
201800012650;1.0;1;0;0.0;1.0;1.0;1.0;A01
201800012663;1.0;1;0;0.0;0.0;0.0;1.0;A01
201800012676;1.0;1;0;0.0;2.0;6.0;1.0;B01
201800012699;1.0;1;0;0.0;0.0;4.0;2.0;B01
201800012703;0.0;1;0;0.0;2.0;8.0;19.0;A01
201800012704;1.0;1;0;0.0;2.0;0.0;1.0;B01
201800012704;1.0;1;0;0.0;0.0;0.0;1.0;C01
201800012705;1.0;1;0;0.0;0.0;6.0;15.0;B01
201800012706;0.0;1;0;0.0;0.0;0.0;17.0;B01
201800012706;0.0;1;0;0.0;0.0;0.0;2.0;A01
201800012724;2.0;1;0;0.0;2.0;7.0;1.0;B01
201800012732;0.0;1;0;0.0;2.0;1.0;23.0;B01
201800012748;2.0;1;0;0.0;0.0;0.0;1.0;A01
201800012750;1.0;1;0;0.0;0.0;1.0;1.0;A01
201800012759;0.0;1;0;0.0;2.0;1.0;1.0;B01
201800012762;0.0;1;0;0.0;2.0;5.0;2.0;B01
201800012772;1.0;1;0;0.0;2.0;4.0;1.0;B01
201800012773;1.0;1;0;0.0;2.0;4.0;1.0;B01
201800012775;1.0;1;0;0.0;2.0;8.0;1.0;B01
201800012776;1.0;1;0;0.0;2.0;1.0;19.0;A01
201800012780;1.0;1;0;0.0;0.0;4.0;2.0;A01
201800012780;1.0;1;0;0.0;2.0;1.0;2.0;B01
201800012786;0.0;1;0;0.0;2.0;1.0;1.0;B01
201800012792;1.0;1;0;0.0;0.0;5.0;1.0;A01
201800012799;2.0;1;0;0.0;2.0;2.0;1.0;B01
201800012802;0.0;1;0;0.0;2.0;8.0;19.0;B01
201800012807;1.0;1;0;0.0;2.0;7.0;1.0;B01
201800012809;0.0;1;0;0.0;2.0;8.0;2.0;A01
201800012823;0.0;1;0;0.0;2.0;1.0;0.0;B01
201800012832;2.0;1;0;0.0;2.0;0.0;10.0;B01
201800012838;1.0;1;0;0.0;2.0;4.0;11.0;B01
201800012864;0.0;1;0;0.0;2.0;1.0;1.0;B01
201800012866;2.0;1;0;0.0;2.0;7.0;2.0;B01
201800012869;1.0;1;0;0.0;0.0;4.0;18.0;A01
201800012876;2.0;1;0;0.0;2.0;7.0;1.0;B01
201800012888;1.0;1;0;0.0;2.0;0.0;13.0;A01
201800012902;2.0;1;0;0.0;2.0;8.0;1.0;A01
201800012902;2.0;1;0;0.0;2.0;8.0;1.0;B01
201800012928;2.0;1;0;0.0;2.0;1.0;1.0;A01
201800012929;2.0;1;0;0.0;2.0;1.0;1.0;B01
201800012940;1.0;1;0;0.0;0.0;8.0;1.0;A01
201800012952;0.0;1;0;0.0;0.0;0.0;1.0;A01
201800012957;1.0;1;0;0.0;2.0;8.0;1.0;A01
201800012975;0.0;1;0;1.0;0.0;1.0;1.0;A01
201800012982;1.0;1;0;0.0;0.0;4.0;1.0;B01
201800012986;1.0;1;0;0.0;0.0;0.0;0.0;A01
201800012991;2.0;1;0;0.0;2.0;8.0;2.0;B01
201800012994;2.0;1;0;0.0;0.0;0.0;1.0;A01
201800013007;2.0;1;0;0.0;0.0;4.0;1.0;B01
201800013015;1.0;1;0;0.0;0.0;6.0;1.0;B01
201800013066;0.0;1;0;0.0;2.0;0.0;0.0;B01
201800013067;1.0;1;0;0.0;9.0;1.0;1.0;A01
201800013095;1.0;1;0;0.0;2.0;4.0;1.0;C01
201800013095;1.0;1;0;0.0;2.0;4.0;1.0;B01
201800013113;0.0;1;0;0.0;0.0;4.0;2.0;B01
201800013126;0.0;1;0;12.0;0.0;0.0;0.0;A01
201800013135;0.0;1;0;0.0;2.0;4.0;2.0;B01
201800013142;0.0;1;0;0.0;2.0;1.0;1.0;A01
201800013151;0.0;1;0;12.0;0.0;1.0;15.0;A01
201800013154;0.0;1;0;0.0;0.0;4.0;1.0;B01
201800013156;0.0;1;0;0.0;2.0;4.0;1.0;B01
201800013162;0.0;1;0;0.0;0.0;1.0;0.0;B01
201800013170;0.0;1;0;0.0;2.0;1.0;1.0;B01
201800013212;1.0;1;0;0.0;9.0;4.0;1.0;B01
201800013212;1.0;1;0;0.0;2.0;1.0;0.0;C01
201800013217;2.0;1;0;3.0;0.0;1.0;1.0;A01
201800013242;1.0;1;0;13.0;0.0;0.0;1.0;A01
201800013243;2.0;1;0;0.0;9.0;4.0;13.0;B01
201800013244;2.0;1;0;0.0;2.0;1.0;9.0;C01
201800013244;2.0;1;0;0.0;2.0;2.0;1.0;A01
201800013244;2.0;1;0;0.0;2.0;1.0;1.0;B01
201800013245;2.0;1;0;0.0;0.0;0.0;13.0;A01
201800013246;1.0;1;0;0.0;0.0;0.0;1.0;A01
201800013257;1.0;1;0;0.0;2.0;1.0;1.0;B01
201800013258;1.0;1;0;0.0;2.0;1.0;0.0;A01
201800013308;1.0;1;0;0.0;2.0;5.0;0.0;A01
201800013320;2.0;1;0;0.0;2.0;1.0;2.0;A01
201800013326;0.0;1;0;0.0;2.0;8.0;5.0;A01
201800013332;0.0;1;0;0.0;2.0;6.0;19.0;B01
201800013343;0.0;1;0;8.0;0.0;1.0;0.0;A01
201800013372;0.0;1;0;0.0;0.0;0.0;1.0;A01
201800013375;0.0;1;0;0.0;2.0;8.0;1.0;B01
201800013377;0.0;1;0;0.0;2.0;7.0;1.0;A01
201800013380;0.0;1;0;0.0;0.0;4.0;2.0;B01
201800013383;0.0;1;0;0.0;2.0;1.0;1.0;B01
201800013387;0.0;1;0;0.0;2.0;0.0;1.0;B01
201800013411;2.0;1;0;0.0;2.0;1.0;1.0;B01
201800013442;2.0;1;0;0.0;2.0;8.0;1.0;A01
201800013448;1.0;1;0;0.0;0.0;6.0;2.0;B01
201800013448;1.0;1;0;0.0;0.0;4.0;2.0;C01
201800013500;0.0;1;0;0.0;2.0;7.0;19.0;A01
201800013513;0.0;1;0;0.0;0.0;0.0;0.0;B01
201800013520;1.0;1;0;0.0;0.0;1.0;1.0;A01
201800013551;1.0;1;0;0.0;2.0;3.0;23.0;B01
201800013588;2.0;1;0;0.0;0.0;4.0;15.0;B01
201800013589;2.0;1;0;0.0;0.0;8.0;1.0;B01
201800013622;2.0;1;0;0.0;2.0;1.0;1.0;B01
201800013629;2.0;1;0;0.0;2.0;6.0;1.0;B01
201800013655;1.0;1;0;0.0;2.0;4.0;2.0;B01
201800013669;0.0;1;0;0.0;2.0;8.0;1.0;B01
201800013683;0.0;1;0;0.0;0.0;4.0;1.0;B01
201800013687;2.0;1;0;0.0;2.0;8.0;2.0;B01
201800013694;0.0;1;0;0.0;2.0;1.0;1.0;B01
201800013703;2.0;1;0;0.0;2.0;0.0;1.0;A01
201800013704;2.0;1;0;0.0;2.0;8.0;1.0;B01
201800013706;0.0;1;0;0.0;0.0;0.0;1.0;A01
201800013709;0.0;1;0;0.0;2.0;1.0;0.0;B01
201800013717;0.0;1;0;6.0;0.0;1.0;1.0;A01
201800013738;2.0;1;0;0.0;2.0;1.0;2.0;A01
201800013744;1.0;1;0;0.0;2.0;1.0;2.0;B01
201800013797;1.0;1;0;0.0;0.0;4.0;1.0;B01
201800013798;0.0;1;0;0.0;2.0;8.0;13.0;A01
201800013804;1.0;1;0;0.0;0.0;0.0;1.0;A01
201800013819;0.0;1;0;0.0;2.0;3.0;17.0;C01
201800013819;0.0;1;0;0.0;2.0;8.0;1.0;B01
201800013822;2.0;1;0;1.0;0.0;1.0;0.0;A01
201800013859;0.0;1;0;0.0;0.0;0.0;1.0;A01
201800013862;1.0;1;0;0.0;2.0;8.0;1.0;B01
201800013867;0.0;1;0;0.0;2.0;1.0;1.0;B01
201800013868;1.0;1;0;0.0;0.0;4.0;11.0;A01
201800013879;1.0;1;0;0.0;2.0;8.0;1.0;B01
201800013901;2.0;1;0;0.0;2.0;8.0;2.0;B01
201800013924;0.0;1;0;8.0;0.0;8.0;16.0;A01
201800013947;2.0;1;0;0.0;6.0;3.0;1.0;A01
201800013961;0.0;1;0;0.0;2.0;1.0;15.0;A01
201800014004;2.0;1;0;7.0;2.0;1.0;1.0;B01
201800014008;2.0;1;0;0.0;2.0;1.0;15.0;A01
201800014036;0.0;1;0;0.0;2.0;1.0;1.0;B01
201800014063;1.0;1;0;12.0;0.0;4.0;1.0;B01
201800014080;2.0;1;0;0.0;2.0;3.0;1.0;A01
201800014105;2.0;1;0;0.0;2.0;8.0;2.0;B01
201800014169;0.0;1;0;0.0;2.0;0.0;17.0;A01
201800014183;1.0;1;0;0.0;2.0;4.0;13.0;B01
201800014189;0.0;1;0;0.0;2.0;3.0;0.0;B01
201800014190;2.0;1;0;0.0;2.0;1.0;17.0;A01
201800014220;1.0;1;0;0.0;2.0;2.0;15.0;B01
201800014240;2.0;1;0;13.0;0.0;0.0;0.0;A01
201800014250;0.0;1;0;0.0;2.0;1.0;21.0;B01
201800014253;2.0;1;0;13.0;0.0;1.0;1.0;A01
201800014255;1.0;1;0;0.0;2.0;7.0;1.0;B01
201800014267;1.0;1;0;0.0;2.0;4.0;2.0;A01
201800014288;2.0;1;0;0.0;2.0;6.0;2.0;B01
201800014289;2.0;1;0;0.0;0.0;8.0;1.0;B01
201800014290;2.0;1;0;0.0;2.0;4.0;2.0;B01
201800014295;1.0;1;0;0.0;2.0;1.0;19.0;A01
201800014312;2.0;1;0;0.0;2.0;8.0;2.0;C01
201800014314;2.0;1;0;0.0;2.0;1.0;15.0;A01
201800014316;1.0;1;0;0.0;9.0;8.0;13.0;A01
201800014326;2.0;1;0;0.0;2.0;4.0;2.0;B01
201800014380;2.0;1;0;0.0;2.0;8.0;1.0;B01
201800014408;0.0;1;0;0.0;1.0;1.0;1.0;A01
201800014468;0.0;1;0;0.0;0.0;0.0;1.0;A01
201800014475;1.0;1;0;0.0;0.0;4.0;15.0;B01
201800014495;1.0;1;0;0.0;0.0;0.0;0.0;A01
201800014519;2.0;1;0;0.0;0.0;7.0;1.0;B01
201800014531;1.0;1;0;0.0;0.0;3.0;1.0;A01
201800014543;1.0;1;0;0.0;2.0;3.0;1.0;B01
201800014550;0.0;1;0;0.0;0.0;0.0;15.0;A01
201800014555;0.0;1;0;0.0;2.0;7.0;1.0;A01
201800014556;2.0;1;0;15.0;0.0;0.0;13.0;A01
201800014557;2.0;1;0;0.0;2.0;2.0;14.0;B01
201800014558;1.0;1;0;0.0;2.0;8.0;1.0;A01
201800014562;0.0;1;0;0.0;0.0;8.0;1.0;A01
201800014564;2.0;1;0;0.0;2.0;3.0;18.0;A01
201800014606;2.0;1;0;0.0;2.0;1.0;1.0;B01
201800014647;1.0;1;0;0.0;2.0;1.0;2.0;A01
201800014657;1.0;1;0;0.0;2.0;8.0;2.0;B01
201800014664;0.0;1;0;0.0;0.0;3.0;0.0;B01
201800014676;2.0;1;0;0.0;2.0;1.0;1.0;A01
201800014682;2.0;1;0;0.0;2.0;1.0;1.0;B01
201800014708;2.0;1;0;0.0;2.0;7.0;1.0;C01
201800014750;0.0;1;0;0.0;2.0;1.0;13.0;B01
201800014757;2.0;1;0;0.0;2.0;3.0;13.0;A01
201800014802;1.0;1;0;12.0;2.0;1.0;2.0;B01
201800014804;1.0;1;0;0.0;2.0;4.0;1.0;B01
201800014811;2.0;1;0;0.0;2.0;3.0;1.0;B01
201800014821;1.0;1;0;0.0;0.0;4.0;2.0;C01
201800014821;1.0;1;0;0.0;0.0;4.0;1.0;B01
201800014823;1.0;1;0;0.0;2.0;0.0;2.0;A01
201800014823;1.0;1;0;0.0;2.0;0.0;2.0;D01
201800014823;1.0;1;0;0.0;2.0;0.0;2.0;C01
201800014823;1.0;1;0;0.0;2.0;0.0;2.0;B01
201800014838;2.0;1;0;0.0;2.0;8.0;13.0;A01
201800014862;1.0;1;0;0.0;0.0;1.0;1.0;A01
201800014894;1.0;1;0;0.0;2.0;7.0;1.0;A01
201800014913;0.0;1;0;0.0;0.0;4.0;1.0;B01
201800014923;2.0;1;0;0.0;2.0;2.0;1.0;B01
201800014940;1.0;1;0;0.0;2.0;7.0;16.0;A01
201800014951;1.0;1;0;0.0;2.0;1.0;1.0;B01
201800014953;1.0;1;0;0.0;0.0;7.0;1.0;B01
201800014963;0.0;1;0;0.0;2.0;8.0;16.0;B01
201800014979;0.0;1;0;6.0;2.0;7.0;1.0;B01
201800014980;1.0;1;0;6.0;9.0;2.0;1.0;A01
201800014981;0.0;1;0;0.0;2.0;8.0;1.0;B01
201800014995;2.0;1;0;0.0;0.0;9.0;1.0;B01
201800014996;1.0;1;0;12.0;0.0;2.0;1.0;A01
201800014997;1.0;1;0;0.0;0.0;0.0;1.0;A01
201800015003;2.0;1;0;0.0;2.0;3.0;2.0;A01
201800015010;0.0;1;0;0.0;2.0;1.0;16.0;B01
201800015011;2.0;1;0;0.0;2.0;1.0;5.0;B01
201800015020;2.0;1;0;0.0;0.0;4.0;0.0;A01
201800015030;0.0;1;0;0.0;2.0;3.0;9.0;A01
201800015062;0.0;1;0;0.0;2.0;8.0;1.0;B01
201800015095;2.0;1;0;0.0;2.0;1.0;17.0;B01
201800015097;1.0;1;0;0.0;2.0;1.0;1.0;B01
201800015101;2.0;1;0;0.0;2.0;1.0;16.0;A01
201800015105;2.0;1;0;0.0;2.0;1.0;1.0;C01
201800015105;2.0;1;0;0.0;2.0;1.0;1.0;B01
201800015129;2.0;1;0;0.0;2.0;8.0;15.0;A01
201800015134;2.0;1;0;0.0;2.0;1.0;1.0;A01
201800015138;1.0;1;0;0.0;2.0;8.0;2.0;B01
201800015143;1.0;1;0;0.0;2.0;3.0;1.0;B01
201800015176;1.0;1;0;0.0;0.0;8.0;1.0;A01
201800015186;2.0;1;0;6.0;0.0;7.0;14.0;A01
201800015189;2.0;1;0;0.0;2.0;8.0;15.0;B01
201800015190;0.0;1;0;12.0;0.0;9.0;1.0;A01
201800015225;0.0;1;0;0.0;0.0;0.0;0.0;A01
201800015230;2.0;1;0;0.0;2.0;8.0;1.0;B01
201800015240;2.0;1;0;0.0;2.0;1.0;5.0;B01
201800015250;0.0;1;0;0.0;2.0;2.0;1.0;B01
201800015265;1.0;1;0;0.0;0.0;0.0;1.0;A01
201800015269;0.0;1;0;0.0;2.0;1.0;1.0;A01
201800015298;1.0;1;0;0.0;2.0;4.0;2.0;B01
201800015308;0.0;1;0;0.0;0.0;0.0;1.0;A01
201800015321;1.0;1;0;0.0;2.0;1.0;1.0;B01
201800015323;2.0;1;0;0.0;0.0;4.0;0.0;B01
201800015326;2.0;1;0;0.0;2.0;1.0;2.0;B01
201800015340;1.0;1;0;0.0;2.0;4.0;1.0;A01
201800015345;1.0;1;0;0.0;2.0;6.0;2.0;B01
201800015348;1.0;1;0;0.0;2.0;0.0;0.0;A01
201800015370;2.0;1;0;0.0;0.0;7.0;1.0;B01
201800015382;1.0;1;0;0.0;2.0;1.0;1.0;B01
201800015427;0.0;1;0;0.0;2.0;3.0;1.0;B01
201800015430;2.0;1;0;0.0;2.0;3.0;1.0;B01
201800015440;1.0;1;0;0.0;2.0;7.0;1.0;B01
201800015465;0.0;1;0;0.0;2.0;2.0;1.0;B01
201800015470;2.0;1;0;0.0;2.0;4.0;1.0;B01
201800015475;1.0;1;0;0.0;2.0;1.0;1.0;B01
201800015484;0.0;1;0;0.0;2.0;8.0;19.0;B01
201800015490;1.0;1;0;0.0;2.0;8.0;1.0;B01
201800015495;0.0;1;0;0.0;0.0;2.0;1.0;A01
201800015497;0.0;1;0;0.0;0.0;1.0;1.0;B01
201800015499;1.0;1;0;0.0;0.0;4.0;1.0;B01
201800015502;1.0;1;0;0.0;2.0;8.0;15.0;B01
201800015520;1.0;1;0;0.0;0.0;0.0;1.0;A01
201800015533;2.0;1;0;0.0;2.0;8.0;9.0;A01
201800015537;2.0;1;0;0.0;2.0;8.0;1.0;B01
201800015546;1.0;1;0;0.0;2.0;8.0;1.0;B02
201800015555;2.0;1;0;0.0;2.0;3.0;1.0;A01
201800015557;1.0;1;0;0.0;2.0;1.0;1.0;B01
201800015561;2.0;1;0;0.0;2.0;8.0;2.0;B01
201800015570;1.0;1;0;0.0;2.0;7.0;1.0;B01
201800015581;1.0;1;0;0.0;2.0;1.0;1.0;A01
201800015584;1.0;1;0;0.0;2.0;8.0;1.0;A01
201800015587;1.0;1;0;1.0;0.0;3.0;13.0;B01
201800015587;1.0;1;0;1.0;0.0;3.0;13.0;C01
201800015616;1.0;1;0;0.0;2.0;4.0;1.0;B01
201800015617;1.0;1;0;0.0;2.0;7.0;1.0;B01
201800015624;2.0;1;0;0.0;2.0;3.0;1.0;B01
201800015627;2.0;1;0;0.0;2.0;0.0;1.0;A01
201800015629;0.0;1;0;0.0;2.0;1.0;13.0;A01
201800015661;1.0;1;0;0.0;1.0;1.0;1.0;A01
201800015673;1.0;1;0;0.0;2.0;1.0;1.0;B01
201800015700;0.0;1;0;1.0;0.0;2.0;17.0;B01
201800015705;0.0;1;0;0.0;2.0;7.0;1.0;B01
201800015715;1.0;1;0;0.0;2.0;8.0;1.0;B01
201800015716;1.0;1;0;0.0;2.0;1.0;23.0;B01
201800015722;1.0;1;0;0.0;2.0;4.0;1.0;B01
201800015723;0.0;1;0;0.0;2.0;3.0;1.0;B01
201800015724;0.0;1;0;0.0;2.0;1.0;19.0;B01
201800015725;0.0;1;0;0.0;2.0;1.0;19.0;A01
201800015728;0.0;1;0;0.0;0.0;1.0;1.0;A01
201800015748;0.0;1;0;0.0;2.0;2.0;17.0;B01
201800015754;1.0;1;0;0.0;2.0;4.0;1.0;A01
201800015758;1.0;1;0;1.0;0.0;1.0;1.0;A01
201800015775;1.0;1;0;0.0;2.0;0.0;1.0;B01
201800015780;1.0;1;0;0.0;0.0;4.0;0.0;B01
201800015791;0.0;1;0;0.0;0.0;8.0;1.0;C01
201800015791;0.0;1;0;0.0;0.0;7.0;1.0;B01
201800015791;0.0;1;0;0.0;0.0;8.0;1.0;A01
201800015792;0.0;1;0;0.0;2.0;1.0;1.0;B01
201800015794;1.0;1;0;0.0;2.0;8.0;1.0;B01
201800015796;0.0;1;0;0.0;2.0;3.0;1.0;B01
201800015801;2.0;1;0;0.0;2.0;1.0;1.0;B01
201800015815;1.0;1;0;0.0;2.0;8.0;11.0;A01
201800015820;1.0;1;0;0.0;2.0;4.0;1.0;B01
201800015835;1.0;1;0;0.0;2.0;4.0;1.0;B01
201800015847;2.0;1;0;0.0;0.0;8.0;13.0;A01
201800015848;1.0;1;0;0.0;2.0;8.0;1.0;A01
201800015851;2.0;1;0;0.0;0.0;4.0;1.0;B01
201800015854;2.0;1;0;0.0;2.0;3.0;1.0;B01
201800015859;1.0;1;0;0.0;2.0;8.0;19.0;B01
201800015874;2.0;1;0;0.0;2.0;1.0;1.0;B01
201800015887;1.0;1;0;0.0;2.0;1.0;1.0;B01
201800015897;0.0;1;0;0.0;2.0;1.0;11.0;B01
201800015899;2.0;1;0;0.0;0.0;4.0;2.0;B01
201800015902;2.0;1;0;0.0;9.0;3.0;2.0;A01
201800015907;2.0;1;0;0.0;2.0;1.0;1.0;A01
201800015932;1.0;1;0;0.0;2.0;8.0;1.0;B01
201800015941;2.0;1;0;0.0;2.0;8.0;19.0;A01
201800015941;1.0;1;0;0.0;2.0;1.0;1.0;B01
201800015943;1.0;1;0;0.0;2.0;0.0;1.0;B01
201800015951;1.0;1;0;13.0;0.0;1.0;1.0;A01
201800015979;2.0;1;0;1.0;0.0;1.0;17.0;B01
201800015983;1.0;1;0;0.0;2.0;1.0;15.0;A01
201800015987;1.0;1;0;0.0;2.0;1.0;1.0;B01
201800015991;2.0;1;0;0.0;2.0;1.0;15.0;B01
201800015993;1.0;1;0;0.0;2.0;1.0;1.0;B01
201800016013;2.0;1;0;0.0;2.0;1.0;13.0;A01
201800016019;2.0;1;0;0.0;2.0;1.0;1.0;A01
201800016026;1.0;1;0;0.0;2.0;1.0;1.0;B01
201800016043;1.0;1;0;0.0;2.0;4.0;1.0;B01
201800016052;1.0;1;0;13.0;0.0;0.0;2.0;A01
201800016065;2.0;1;0;0.0;2.0;5.0;1.0;B01
201800016092;1.0;1;0;0.0;2.0;4.0;2.0;B01
201800016115;1.0;1;0;12.0;0.0;1.0;1.0;A01
201800016120;0.0;1;0;0.0;0.0;0.0;1.0;B01
201800016120;0.0;1;0;0.0;0.0;0.0;1.0;C01
201800016120;0.0;1;0;0.0;0.0;0.0;1.0;D01
201800016121;2.0;1;0;0.0;2.0;1.0;1.0;B01
201800016121;2.0;1;0;0.0;2.0;1.0;1.0;C01
201800016125;0.0;1;0;0.0;2.0;7.0;12.0;B02
201800016132;1.0;1;0;0.0;2.0;1.0;1.0;B01
201800016132;2.0;1;0;0.0;0.0;8.0;1.0;A01
201800016139;0.0;1;0;0.0;0.0;3.0;1.0;B01
201800016161;2.0;1;0;0.0;2.0;3.0;1.0;A01
201800016165;2.0;1;0;0.0;0.0;8.0;15.0;B01
201800016176;2.0;1;0;0.0;2.0;1.0;16.0;B01
201800016180;1.0;1;0;0.0;2.0;7.0;15.0;A01
201800016189;2.0;1;0;0.0;0.0;4.0;2.0;A01
201800016189;2.0;1;0;0.0;9.0;1.0;2.0;B01
201800016206;1.0;1;0;0.0;0.0;1.0;5.0;B01
201800016207;2.0;1;0;0.0;2.0;2.0;1.0;A01
201800016213;2.0;1;0;0.0;0.0;7.0;17.0;B01
201800016218;1.0;1;0;0.0;2.0;1.0;1.0;B01
201800016228;2.0;1;0;0.0;2.0;1.0;1.0;B01
201800016233;2.0;1;0;0.0;2.0;1.0;9.0;B01
201800016239;1.0;1;0;0.0;0.0;4.0;1.0;A01
201800016241;2.0;1;0;0.0;2.0;1.0;1.0;A01
201800016247;0.0;1;0;0.0;6.0;0.0;1.0;A01
201800016248;2.0;1;0;0.0;0.0;4.0;1.0;B01
201800016260;1.0;1;0;0.0;0.0;4.0;0.0;B01
201800016263;2.0;1;0;0.0;2.0;1.0;1.0;B01
201800016265;2.0;1;0;0.0;2.0;1.0;1.0;B01
201800016276;1.0;1;0;0.0;0.0;4.0;2.0;A01
201800016293;2.0;1;0;0.0;2.0;1.0;1.0;B01
201800016301;0.0;1;0;0.0;0.0;4.0;0.0;A01
201800016326;2.0;1;0;0.0;9.0;4.0;1.0;B01
201800016354;1.0;1;0;0.0;2.0;1.0;9.0;B01
201800016356;2.0;1;0;1.0;0.0;1.0;1.0;A01
201800016392;2.0;1;0;0.0;2.0;1.0;1.0;B01
201800016414;1.0;1;0;0.0;0.0;5.0;1.0;A01
201800016548;1.0;1;0;0.0;2.0;8.0;15.0;A01
201800016565;2.0;1;0;0.0;2.0;1.0;1.0;B01
201800016570;1.0;1;0;0.0;2.0;4.0;1.0;B01
201800016584;0.0;1;0;0.0;2.0;1.0;15.0;B01
201800016593;0.0;1;0;0.0;2.0;7.0;6.0;A01
201800016614;2.0;1;0;0.0;2.0;8.0;1.0;B01
201800016616;2.0;1;0;0.0;2.0;1.0;1.0;B01
201800016641;1.0;1;0;0.0;2.0;8.0;1.0;B01
201800016643;2.0;1;0;0.0;0.0;8.0;15.0;B01
201800016678;0.0;1;0;0.0;0.0;4.0;2.0;B01
201800016716;0.0;1;0;0.0;2.0;1.0;1.0;B01
201800016723;1.0;1;0;0.0;2.0;8.0;13.0;C01
201800016727;0.0;1;0;0.0;2.0;1.0;1.0;B01
201800016741;2.0;1;0;0.0;2.0;2.0;1.0;B01
201800016741;2.0;1;0;0.0;2.0;2.0;1.0;C01
201800016749;2.0;1;0;0.0;2.0;1.0;1.0;A01
201800016781;1.0;1;0;0.0;2.0;1.0;1.0;B01
201800016784;2.0;1;0;0.0;2.0;1.0;1.0;B01
201800016785;2.0;1;0;0.0;2.0;4.0;0.0;B01
201800016785;2.0;1;0;0.0;2.0;4.0;0.0;C01
201800016785;2.0;1;0;0.0;2.0;4.0;0.0;D01
201800016786;2.0;1;0;3.0;0.0;1.0;1.0;A01
201800016790;0.0;1;0;0.0;2.0;0.0;23.0;C01
201800016790;0.0;1;0;0.0;2.0;7.0;23.0;B01
201800016826;0.0;1;0;0.0;2.0;1.0;17.0;B01
201800016828;0.0;1;0;0.0;2.0;8.0;0.0;B01
201800016829;2.0;1;0;0.0;0.0;4.0;0.0;B01
201800016847;1.0;1;0;0.0;0.0;4.0;1.0;B01
201800016856;0.0;1;0;0.0;2.0;7.0;19.0;A01
201800016861;0.0;1;0;0.0;2.0;6.0;0.0;B01
201800016875;0.0;1;0;0.0;2.0;8.0;1.0;B01
201800016885;2.0;1;0;0.0;2.0;8.0;1.0;C01
201800016893;1.0;1;0;0.0;2.0;2.0;1.0;A01
201800016895;0.0;1;0;0.0;2.0;7.0;0.0;A01
201800016897;0.0;1;0;0.0;2.0;1.0;1.0;B01
201800016908;0.0;1;0;0.0;2.0;0.0;19.0;B01