Num_Acc;senc;catv;occutc;obs;obsm;choc;manv;num_veh
201800025441;1.0;1;0;0.0;2.0;1.0;1.0;B01
201800025443;2.0;1;0;0.0;2.0;3.0;2.0;B01
201800025448;1.0;1;0;0.0;2.0;3.0;16.0;B01
201800025450;1.0;1;0;6.0;0.0;1.0;0.0;A01
201800025459;1.0;1;0;0.0;2.0;4.0;15.0;A01
201800025462;2.0;1;0;0.0;2.0;7.0;19.0;A01
201800025463;1.0;1;0;0.0;1.0;1.0;1.0;A01
201800025467;2.0;1;0;0.0;2.0;7.0;1.0;B01
201800025468;1.0;1;0;0.0;0.0;1.0;1.0;A01
201800025469;1.0;1;0;0.0;2.0;1.0;1.0;B01
201800025473;1.0;1;0;0.0;2.0;2.0;19.0;A01
201800025476;1.0;1;0;0.0;2.0;1.0;1.0;A01
201800025483;2.0;1;0;0.0;2.0;1.0;2.0;B01
201800025487;1.0;1;0;0.0;0.0;1.0;1.0;A01
201800025491;1.0;1;0;0.0;2.0;1.0;1.0;A01
201800025494;2.0;1;0;0.0;2.0;1.0;1.0;A01
201800025502;2.0;1;0;0.0;2.0;7.0;1.0;B01
201800025508;2.0;1;0;0.0;2.0;7.0;18.0;A01
201800025510;1.0;1;0;0.0;1.0;1.0;0.0;A01
201800025517;0.0;1;0;0.0;0.0;1.0;1.0;A01
201800025518;0.0;1;0;0.0;0.0;8.0;16.0;B01
201800025529;2.0;1;0;0.0;2.0;1.0;2.0;A01
201800025562;1.0;1;0;0.0;2.0;8.0;19.0;B01
201800025570;1.0;1;0;0.0;1.0;1.0;1.0;A01
201800025571;1.0;1;0;0.0;0.0;0.0;1.0;A01
201800025581;1.0;1;0;0.0;2.0;1.0;1.0;B01
201800025608;0.0;1;0;0.0;2.0;1.0;15.0;A01
201800025620;1.0;1;0;0.0;2.0;2.0;2.0;B01
201800025622;1.0;1;0;0.0;2.0;1.0;1.0;B01
201800025622;1.0;1;0;0.0;2.0;4.0;1.0;A01
201800025634;2.0;1;0;0.0;2.0;3.0;14.0;A01
201800025650;0.0;1;0;0.0;2.0;7.0;19.0;B01
201800025664;0.0;1;0;0.0;2.0;1.0;1.0;B01
201800025669;1.0;1;0;0.0;2.0;1.0;1.0;B01
201800025679;2.0;1;0;0.0;2.0;1.0;0.0;B01
201800025689;2.0;1;0;0.0;2.0;1.0;1.0;B01
201800025708;0.0;1;0;0.0;2.0;1.0;1.0;B01
201800025710;2.0;1;0;0.0;2.0;1.0;2.0;B01
201800025715;1.0;1;0;0.0;2.0;8.0;19.0;A01
201800025718;2.0;1;0;0.0;2.0;0.0;1.0;B01
201800025722;1.0;1;0;0.0;0.0;0.0;0.0;B01
201800025728;1.0;1;0;0.0;2.0;0.0;2.0;B01
201800025737;2.0;1;0;0.0;2.0;4.0;1.0;B01
201800025742;2.0;1;0;0.0;0.0;0.0;0.0;B01
201800025751;2.0;1;0;0.0;2.0;7.0;19.0;A01
201800025755;0.0;1;0;0.0;2.0;7.0;19.0;B01
201800025761;0.0;1;0;0.0;2.0;1.0;5.0;B01
201800025802;2.0;1;0;16.0;0.0;0.0;0.0;B01
201800025813;0.0;1;0;1.0;0.0;7.0;1.0;B01
201800025826;0.0;1;0;0.0;2.0;8.0;1.0;B01
201800025841;0.0;1;0;9.0;0.0;4.0;11.0;A01
201800025842;0.0;1;0;0.0;2.0;1.0;0.0;A01
201800025853;2.0;1;0;0.0;2.0;1.0;1.0;B01
201800025878;0.0;1;0;0.0;2.0;1.0;0.0;B01
201800025888;0.0;1;0;0.0;2.0;1.0;0.0;B01
201800025899;2.0;1;0;0.0;2.0;7.0;1.0;B01
201800025901;2.0;1;0;1.0;0.0;1.0;1.0;B01
201800025909;2.0;1;0;0.0;0.0;0.0;0.0;A01
201800025911;0.0;1;0;0.0;2.0;4.0;1.0;B01
201800025914;1.0;1;0;0.0;2.0;5.0;9.0;B01
201800025917;0.0;1;0;0.0;0.0;0.0;0.0;A01
201800025936;0.0;1;0;0.0;2.0;0.0;9.0;B01
201800025957;2.0;1;0;0.0;0.0;0.0;0.0;B01
201800025967;1.0;1;0;0.0;2.0;7.0;1.0;B01
201800026002;0.0;1;0;0.0;2.0;8.0;1.0;B01
201800026004;0.0;1;0;16.0;2.0;0.0;21.0;B01
201800026023;0.0;1;0;0.0;2.0;1.0;19.0;A01
201800026030;2.0;1;0;0.0;2.0;0.0;0.0;B01
201800026052;0.0;1;0;0.0;2.0;7.0;0.0;B01
201800026058;0.0;1;0;0.0;2.0;7.0;1.0;B01
201800026084;1.0;1;0;0.0;2.0;6.0;1.0;B01
201800026091;1.0;1;0;0.0;1.0;1.0;2.0;A01
201800026098;1.0;1;0;0.0;2.0;4.0;1.0;B01
201800026103;2.0;1;0;0.0;2.0;4.0;16.0;A01
201800026107;1.0;1;0;0.0;2.0;7.0;1.0;B01
201800026114;2.0;1;0;0.0;2.0;0.0;1.0;B01
201800026118;1.0;1;0;0.0;1.0;1.0;0.0;A01
201800026121;1.0;1;0;0.0;2.0;4.0;1.0;B01
201800026122;2.0;1;0;0.0;2.0;0.0;1.0;B01
201800026130;1.0;1;0;1.0;0.0;1.0;22.0;B01
201800026135;2.0;1;0;0.0;2.0;1.0;1.0;B01
201800026148;2.0;1;0;0.0;1.0;2.0;1.0;A01
201800026198;2.0;1;0;0.0;2.0;1.0;13.0;B01
201800026214;2.0;1;0;0.0;1.0;1.0;1.0;A01
201800026227;1.0;1;0;0.0;5.0;1.0;1.0;A01
201800026239;1.0;1;0;0.0;2.0;0.0;0.0;B01
201800026241;1.0;1;0;0.0;2.0;1.0;1.0;B01
201800026242;1.0;1;0;0.0;2.0;7.0;1.0;B01
201800026246;0.0;1;0;0.0;6.0;0.0;1.0;B01
201800026248;2.0;1;0;0.0;2.0;5.0;5.0;A01
201800026249;2.0;1;0;1.0;0.0;1.0;2.0;B01
201800026251;1.0;1;0;0.0;2.0;1.0;1.0;B01
201800026255;2.0;1;0;0.0;2.0;0.0;1.0;B01
201800026286;0.0;1;0;0.0;9.0;0.0;1.0;B01
201800026297;0.0;1;0;0.0;2.0;8.0;15.0;A01
201800026308;0.0;1;0;0.0;9.0;1.0;1.0;B01
201800026309;0.0;1;0;0.0;1.0;1.0;1.0;A01
201800026320;0.0;1;0;0.0;2.0;1.0;1.0;B01
201800026330;0.0;1;0;0.0;2.0;4.0;2.0;B01
201800026332;1.0;1;0;0.0;2.0;8.0;1.0;B01
201800026336;0.0;1;0;0.0;2.0;4.0;19.0;A01
201800026341;1.0;1;0;0.0;2.0;7.0;0.0;B01
201800026343;1.0;1;0;0.0;2.0;8.0;1.0;B01
201800026345;0.0;1;0;0.0;0.0;0.0;0.0;B01
201800026347;0.0;1;0;0.0;2.0;1.0;1.0;A01
201800026352;1.0;1;0;0.0;2.0;1.0;1.0;B01
201800026365;1.0;1;0;0.0;2.0;3.0;1.0;B01
201800026370;0.0;1;0;0.0;2.0;1.0;1.0;B01
201800026373;0.0;1;0;0.0;2.0;1.0;1.0;B01
201800026384;1.0;1;0;0.0;2.0;1.0;1.0;B01
201800026386;0.0;1;0;0.0;2.0;4.0;0.0;B01
201800026388;0.0;1;0;0.0;2.0;6.0;1.0;B01
201800026389;0.0;1;0;0.0;2.0;0.0;1.0;B01
201800026395;0.0;1;0;0.0;2.0;1.0;1.0;B01
201800026401;0.0;1;0;0.0;2.0;1.0;2.0;B01
201800026407;0.0;1;0;0.0;1.0;1.0;1.0;A01
201800026409;0.0;1;0;0.0;2.0;1.0;1.0;A01
201800026412;0.0;1;0;0.0;0.0;0.0;1.0;B01
201800026414;0.0;1;0;0.0;2.0;0.0;15.0;A01
201800026418;0.0;1;0;1.0;1.0;1.0;21.0;A01
201800026420;0.0;1;0;0.0;0.0;0.0;0.0;B01
201800026424;1.0;1;0;0.0;2.0;8.0;1.0;B01
201800026424;1.0;1;0;0.0;2.0;7.0;16.0;A01
201800026439;1.0;1;0;0.0;2.0;1.0;15.0;A01
201800026441;1.0;1;0;0.0;2.0;7.0;1.0;B01
201800026453;1.0;1;0;0.0;2.0;7.0;1.0;B01
201800026455;1.0;1;0;0.0;0.0;7.0;1.0;B01
201800026457;0.0;1;0;0.0;0.0;1.0;1.0;B01
201800026459;0.0;1;0;0.0;0.0;3.0;1.0;B01
201800026460;1.0;1;0;0.0;2.0;7.0;1.0;B01
201800026464;0.0;1;0;0.0;1.0;0.0;0.0;Z01
201800026465;0.0;1;0;0.0;2.0;0.0;1.0;Z01
201800026465;0.0;1;0;0.0;0.0;0.0;1.0;B01
201800026469;0.0;1;0;0.0;0.0;7.0;1.0;B01
201800026478;0.0;1;0;0.0;2.0;4.0;1.0;B01
201800026480;1.0;1;0;0.0;2.0;0.0;0.0;B01
201800026485;0.0;1;0;0.0;0.0;0.0;0.0;B01
201800026490;0.0;1;0;0.0;2.0;1.0;1.0;B01
201800026503;0.0;1;0;0.0;0.0;0.0;1.0;B01
201800026517;0.0;1;0;0.0;2.0;1.0;16.0;B01
201800026538;0.0;1;0;0.0;2.0;8.0;1.0;B01
201800026544;0.0;1;0;0.0;2.0;1.0;15.0;B01
201800026556;1.0;1;0;1.0;0.0;7.0;1.0;B01
201800026566;0.0;1;0;0.0;2.0;0.0;1.0;B01
201800026568;0.0;1;0;0.0;2.0;8.0;3.0;B01
201800026577;2.0;1;0;0.0;2.0;1.0;1.0;A01
201800026578;2.0;1;0;0.0;2.0;6.0;1.0;B01
201800026581;2.0;1;0;0.0;2.0;1.0;19.0;B01
201800026583;0.0;1;0;0.0;2.0;1.0;1.0;A01
201800026598;0.0;1;0;0.0;2.0;8.0;1.0;B01
201800026633;0.0;1;0;0.0;2.0;1.0;2.0;A01
201800026635;0.0;1;0;0.0;2.0;8.0;1.0;A01
201800026649;2.0;1;0;0.0;1.0;7.0;0.0;A01
201800026689;1.0;1;0;0.0;2.0;3.0;1.0;A01
201800026700;1.0;1;0;0.0;2.0;3.0;1.0;B01
201800026734;1.0;1;0;0.0;2.0;1.0;1.0;B01
201800026740;1.0;1;0;0.0;2.0;7.0;1.0;B01
201800026741;1.0;1;0;0.0;2.0;8.0;16.0;B01
201800026748;2.0;1;0;0.0;2.0;1.0;2.0;A01
201800026753;1.0;1;0;0.0;2.0;1.0;19.0;A01
201800026756;1.0;1;0;0.0;1.0;3.0;1.0;A01
201800026762;0.0;1;0;0.0;2.0;8.0;19.0;B02
201800026785;0.0;1;0;0.0;2.0;7.0;19.0;A01
201800026786;1.0;1;0;12.0;2.0;1.0;1.0;B01
201800026787;2.0;1;0;0.0;2.0;7.0;19.0;A01
201800026809;2.0;1;0;0.0;2.0;1.0;0.0;A01
201800026811;2.0;1;0;0.0;2.0;1.0;1.0;B01
201800026816;0.0;1;0;0.0;2.0;2.0;1.0;A01
201800026826;2.0;1;0;0.0;0.0;0.0;16.0;A01
201800026827;2.0;1;0;0.0;2.0;8.0;1.0;B01
201800026830;2.0;1;0;0.0;2.0;8.0;1.0;B01
201800026832;2.0;1;0;0.0;2.0;7.0;1.0;B01
201800026844;2.0;1;0;0.0;2.0;5.0;1.0;B01
201800026847;0.0;1;0;0.0;2.0;4.0;1.0;B01
201800026855;0.0;1;0;0.0;2.0;1.0;1.0;B01
201800026857;0.0;1;0;0.0;0.0;1.0;0.0;A01
201800026862;2.0;1;0;0.0;2.0;1.0;1.0;B01
201800026880;0.0;1;0;9.0;0.0;0.0;1.0;B01
201800026906;2.0;1;0;9.0;0.0;3.0;15.0;A01
201800026914;2.0;1;0;0.0;2.0;4.0;23.0;B01
201800026916;0.0;1;0;0.0;2.0;3.0;19.0;B01
201800026918;0.0;1;0;0.0;0.0;0.0;0.0;A01
201800026932;2.0;1;0;0.0;2.0;0.0;1.0;B01
201800026940;1.0;1;0;0.0;2.0;1.0;19.0;A01
201800026948;2.0;1;0;0.0;2.0;7.0;19.0;B01
201800026949;2.0;1;0;0.0;1.0;1.0;0.0;A01
201800026961;0.0;1;0;0.0;2.0;7.0;1.0;B01
201800026962;0.0;1;0;0.0;2.0;1.0;1.0;B01
201800026963;0.0;1;0;0.0;2.0;1.0;1.0;B01
201800027001;1.0;1;0;0.0;2.0;8.0;19.0;B01
201800027006;0.0;1;0;0.0;0.0;0.0;1.0;A01
201800027065;0.0;1;0;0.0;2.0;7.0;14.0;A01
201800027069;2.0;1;0;0.0;2.0;7.0;19.0;B01
201800027072;0.0;1;0;0.0;2.0;1.0;0.0;B01
201800027089;1.0;1;0;0.0;2.0;1.0;1.0;B01
201800027093;0.0;1;0;0.0;2.0;6.0;19.0;B01
201800027100;0.0;1;0;0.0;0.0;0.0;0.0;A01
201800027102;0.0;1;0;0.0;2.0;7.0;1.0;B01
201800027104;0.0;1;0;0.0;0.0;0.0;1.0;A01
201800027108;0.0;1;0;5.0;0.0;1.0;1.0;A01
201800027121;0.0;1;0;0.0;2.0;7.0;1.0;B01
201800027122;0.0;1;0;12.0;0.0;7.0;1.0;A01
201800027128;1.0;1;0;0.0;2.0;1.0;1.0;A01
201800027134;0.0;1;0;0.0;2.0;4.0;15.0;B01
201800027135;0.0;1;0;0.0;1.0;1.0;1.0;A01
201800027143;0.0;1;0;0.0;2.0;1.0;1.0;B01
201800027153;0.0;1;0;0.0;0.0;1.0;21.0;A01
201800027157;0.0;1;0;0.0;2.0;7.0;1.0;B01
201800027163;0.0;1;0;0.0;2.0;7.0;1.0;B01
201800027163;0.0;1;0;0.0;2.0;1.0;1.0;A01
201800027168;0.0;1;0;0.0;2.0;1.0;1.0;B01
201800027180;1.0;1;0;0.0;2.0;1.0;1.0;B01
201800027190;2.0;1;0;0.0;0.0;0.0;1.0;A01
201800027201;1.0;1;0;0.0;2.0;4.0;19.0;B01
201800027207;1.0;1;0;0.0;0.0;0.0;21.0;A01
201800027211;1.0;1;0;0.0;2.0;2.0;0.0;B01
201800027213;1.0;1;0;0.0;0.0;0.0;1.0;A01
201800027217;1.0;1;0;0.0;0.0;0.0;1.0;A01
201800027227;1.0;1;0;0.0;2.0;1.0;8.0;A01
201800027234;0.0;1;0;0.0;0.0;0.0;0.0;C01
201800027234;1.0;1;0;0.0;2.0;1.0;0.0;B01
201800027237;1.0;1;0;0.0;2.0;5.0;1.0;B01
201800027245;1.0;1;0;12.0;0.0;0.0;1.0;A01
201800027250;1.0;1;0;0.0;2.0;1.0;1.0;B01
201800027255;1.0;1;0;12.0;0.0;1.0;9.0;A01
201800027259;1.0;1;0;0.0;2.0;4.0;1.0;B01
201800027260;1.0;1;0;0.0;0.0;1.0;0.0;A01
201800027269;0.0;1;0;0.0;0.0;7.0;0.0;A01
201800027274;1.0;1;0;0.0;2.0;1.0;9.0;A01
201800027285;1.0;1;0;0.0;2.0;1.0;1.0;B01
201800027286;1.0;1;0;0.0;0.0;0.0;0.0;A01
201800027290;1.0;1;0;0.0;2.0;5.0;0.0;B01
201800027292;1.0;1;0;0.0;0.0;0.0;0.0;A01
201800027305;2.0;1;0;0.0;2.0;1.0;1.0;B01
201800027306;1.0;1;0;0.0;0.0;0.0;0.0;A01
201800027308;1.0;1;0;0.0;2.0;0.0;0.0;B01
201800027311;1.0;1;0;0.0;2.0;1.0;1.0;B01
201800027313;1.0;1;0;0.0;2.0;7.0;0.0;B01
201800027314;1.0;1;0;0.0;0.0;0.0;0.0;A01
201800027319;2.0;1;0;0.0;2.0;6.0;1.0;B01
201800027322;2.0;1;0;0.0;2.0;1.0;1.0;B01
201800027323;1.0;1;0;0.0;0.0;0.0;0.0;A01
201800027336;2.0;1;0;12.0;0.0;1.0;1.0;A01
201800027338;1.0;1;0;0.0;0.0;1.0;1.0;A01
201800027339;2.0;1;0;0.0;2.0;1.0;1.0;B01
201800027341;1.0;1;0;0.0;2.0;2.0;0.0;B01
201800027344;1.0;1;0;0.0;2.0;8.0;11.0;A01
201800027345;1.0;1;0;0.0;2.0;8.0;1.0;B01
201800027346;1.0;1;0;0.0;0.0;0.0;0.0;A01
201800027348;2.0;1;0;0.0;2.0;1.0;19.0;B01
201800027351;1.0;1;0;0.0;0.0;0.0;0.0;A01
201800027354;2.0;1;0;15.0;0.0;1.0;1.0;A01
201800027368;1.0;1;0;0.0;2.0;8.0;0.0;B01
201800027370;0.0;1;0;0.0;2.0;8.0;19.0;B01
201800027374;1.0;1;0;0.0;2.0;1.0;1.0;B01
201800027375;2.0;1;0;0.0;2.0;1.0;1.0;B01
201800027377;1.0;1;0;0.0;0.0;0.0;0.0;A01
201800027378;1.0;1;0;0.0;2.0;1.0;0.0;B01
201800027378;1.0;1;0;0.0;6.0;0.0;0.0;A01
201800027378;1.0;1;0;0.0;2.0;1.0;1.0;C01
201800027379;1.0;1;0;0.0;0.0;1.0;0.0;A01
201800027381;1.0;1;0;0.0;0.0;0.0;0.0;A01
201800027383;0.0;1;0;0.0;0.0;0.0;0.0;A01
201800027385;1.0;1;0;0.0;1.0;1.0;17.0;A01
201800027388;0.0;1;0;0.0;0.0;0.0;21.0;A01
201800027396;1.0;1;0;0.0;2.0;2.0;9.0;B01
201800027403;1.0;1;0;0.0;0.0;0.0;0.0;A01
201800027406;1.0;1;0;0.0;0.0;0.0;0.0;A01
201800027410;2.0;1;0;0.0;0.0;0.0;0.0;A01
201800027411;1.0;1;0;0.0;0.0;0.0;0.0;A01
201800027413;1.0;1;0;0.0;2.0;3.0;1.0;B01
201800027414;1.0;1;0;0.0;0.0;1.0;1.0;A01
201800027417;1.0;1;0;0.0;2.0;1.0;1.0;B01
201800027419;1.0;1;0;1.0;0.0;1.0;1.0;B01
201800027420;1.0;1;0;0.0;1.0;1.0;0.0;A01
201800027421;1.0;1;0;0.0;0.0;0.0;0.0;A01
201800027422;1.0;1;0;0.0;2.0;4.0;0.0;B01
201800027424;2.0;1;0;12.0;0.0;1.0;1.0;A01
201800027433;1.0;1;0;0.0;1.0;1.0;1.0;A01
201800027435;1.0;1;0;0.0;1.0;1.0;15.0;A01
201800027437;1.0;1;0;0.0;2.0;4.0;1.0;B01
201800027438;1.0;1;0;0.0;0.0;1.0;0.0;A01
201800027442;1.0;1;0;0.0;2.0;8.0;1.0;B01
201800027444;1.0;1;0;16.0;0.0;1.0;1.0;A01
201800027445;0.0;1;0;0.0;2.0;6.0;15.0;B01
201800027449;0.0;1;0;0.0;0.0;0.0;0.0;A01
201800027453;1.0;1;0;0.0;0.0;1.0;1.0;A01
201800027456;1.0;1;0;0.0;0.0;1.0;0.0;A01
201800027458;0.0;1;0;0.0;2.0;4.0;11.0;B01
201800027461;1.0;1;0;0.0;0.0;1.0;1.0;A01
201800027463;1.0;1;0;0.0;2.0;3.0;16.0;B01
201800027465;1.0;1;0;0.0;2.0;7.0;1.0;B01
201800027466;1.0;1;0;0.0;2.0;8.0;1.0;B01
201800027469;2.0;1;0;1.0;0.0;3.0;22.0;B01
201800027470;1.0;1;0;0.0;0.0;0.0;1.0;A01
201800027475;2.0;1;0;0.0;2.0;1.0;1.0;B01
201800027483;2.0;1;0;0.0;0.0;0.0;0.0;A01
201800027484;2.0;1;0;0.0;0.0;0.0;1.0;A01
201800027485;2.0;1;0;0.0;2.0;1.0;9.0;B01
201800027488;1.0;1;0;0.0;0.0;1.0;1.0;A01
201800027489;1.0;1;0;0.0;0.0;1.0;1.0;A01
201800027494;0.0;1;0;0.0;2.0;3.0;0.0;B01
201800027496;2.0;1;0;0.0;0.0;1.0;1.0;A01
201800027499;2.0;1;0;0.0;0.0;0.0;0.0;A01
201800027506;2.0;1;0;12.0;0.0;0.0;0.0;A01
201800027510;0.0;1;0;0.0;2.0;1.0;0.0;A01
201800027512;1.0;1;0;12.0;0.0;1.0;2.0;A01
201800027513;2.0;1;0;0.0;2.0;1.0;1.0;B01
201800027516;2.0;1;0;0.0;2.0;1.0;12.0;A01
201800027516;2.0;1;0;0.0;2.0;7.0;1.0;B01
201800027520;0.0;1;0;0.0;2.0;1.0;0.0;B01
201800027522;2.0;1;0;0.0;2.0;1.0;1.0;B01
201800027529;1.0;1;0;14.0;0.0;1.0;1.0;B01
201800027537;2.0;1;0;0.0;2.0;4.0;19.0;B01
201800027539;0.0;1;0;0.0;6.0;4.0;0.0;B01
201800027541;1.0;1;0;0.0;2.0;4.0;21.0;B01
201800027550;1.0;1;0;0.0;0.0;0.0;0.0;A01
201800027558;1.0;1;0;0.0;2.0;0.0;1.0;B01
201800027560;1.0;1;0;0.0;2.0;1.0;1.0;B01
201800027570;1.0;1;0;0.0;2.0;7.0;1.0;B01
201800027573;1.0;1;0;0.0;2.0;4.0;1.0;B01
201800027574;1.0;1;0;0.0;2.0;0.0;0.0;B01
201800027578;0.0;1;0;0.0;2.0;1.0;0.0;B01
201800027580;2.0;1;0;0.0;2.0;8.0;15.0;B01
201800027587;0.0;1;0;0.0;2.0;1.0;9.0;B01
201800027593;2.0;1;0;0.0;2.0;8.0;1.0;B01
201800027605;2.0;1;0;0.0;2.0;1.0;1.0;B01
201800027606;1.0;1;0;0.0;1.0;7.0;1.0;A01
201800027640;1.0;1;0;0.0;2.0;1.0;9.0;A01
201800027641;1.0;1;0;0.0;0.0;8.0;2.0;B01
201800027655;1.0;1;0;0.0;2.0;1.0;9.0;B01
201800027659;2.0;1;0;0.0;2.0;1.0;1.0;B01
201800027663;2.0;1;0;0.0;2.0;7.0;1.0;B01
201800027677;2.0;1;0;0.0;2.0;7.0;1.0;B01
201800027678;0.0;1;0;0.0;2.0;1.0;1.0;B01
201800027701;0.0;1;0;0.0;2.0;7.0;19.0;A01
201800027727;0.0;1;0;0.0;1.0;1.0;1.0;A01
201800027728;2.0;1;0;0.0;2.0;1.0;1.0;A01
201800027735;1.0;1;0;0.0;2.0;1.0;2.0;A01
201800027743;0.0;1;0;0.0;2.0;7.0;16.0;A01
201800027743;0.0;1;0;0.0;2.0;1.0;1.0;B01
201800027749;1.0;1;0;0.0;2.0;8.0;1.0;B01
201800027760;0.0;1;0;0.0;2.0;1.0;2.0;A01
201800027761;0.0;1;0;0.0;2.0;1.0;17.0;B01
201800027770;0.0;1;0;0.0;1.0;2.0;1.0;B01
201800027784;0.0;1;0;0.0;2.0;1.0;2.0;A01
201800027800;0.0;1;0;0.0;2.0;5.0;1.0;B01
201800027808;0.0;1;0;0.0;2.0;1.0;0.0;A01
201800027830;0.0;1;0;0.0;2.0;1.0;1.0;B01
201800027865;2.0;1;0;0.0;2.0;1.0;2.0;B01
201800027878;0.0;1;0;0.0;0.0;0.0;1.0;B01
201800027884;1.0;1;0;0.0;2.0;3.0;19.0;A01
201800027910;2.0;1;0;;;;;B02
201800027919;1.0;1;0;0.0;2.0;1.0;19.0;B01
201800027925;2.0;1;0;0.0;2.0;8.0;1.0;B01
201800027952;1.0;1;0;0.0;1.0;1.0;1.0;A01
201800027986;1.0;1;0;0.0;2.0;8.0;0.0;B01
201800027990;1.0;1;0;0.0;2.0;1.0;1.0;B01
201800027995;2.0;1;0;0.0;2.0;1.0;1.0;B01
201800027997;0.0;1;0;0.0;2.0;7.0;1.0;B01
201800027998;1.0;1;0;0.0;2.0;0.0;0.0;A01
201800028008;0.0;1;0;0.0;2.0;8.0;19.0;A01
201800028010;1.0;1;0;0.0;2.0;3.0;2.0;B01
201800028020;0.0;1;0;0.0;4.0;8.0;0.0;A01
201800028022;0.0;1;0;0.0;2.0;5.0;1.0;A01
201800028023;0.0;1;0;0.0;2.0;1.0;1.0;B01
201800028035;1.0;1;0;1.0;0.0;2.0;1.0;B01
201800028040;2.0;1;0;0.0;2.0;7.0;1.0;B01
201800028044;1.0;1;0;0.0;2.0;1.0;1.0;B01
201800028050;2.0;1;0;0.0;2.0;1.0;18.0;A01
201800028051;2.0;1;0;0.0;2.0;1.0;1.0;A01
201800028051;1.0;1;0;0.0;2.0;1.0;1.0;B01
201800028062;1.0;1;0;0.0;0.0;2.0;0.0;B01
201800028067;1.0;1;0;0.0;2.0;2.0;16.0;B01
201800028095;1.0;1;0;0.0;2.0;3.0;0.0;B01
201800028095;1.0;1;0;0.0;2.0;1.0;0.0;A01
201800028097;1.0;1;0;0.0;2.0;4.0;19.0;B01
201800028098;0.0;1;0;0.0;2.0;1.0;19.0;A01
201800028110;0.0;1;0;0.0;2.0;7.0;19.0;B01
201800028116;0.0;1;0;1.0;0.0;1.0;0.0;B01
201800028117;1.0;1;0;0.0;2.0;1.0;1.0;B01
201800028120;2.0;1;0;0.0;2.0;8.0;19.0;B01
201800028163;2.0;1;0;0.0;2.0;7.0;2.0;B01
201800028173;2.0;1;0;0.0;2.0;3.0;1.0;B01
201800028183;1.0;1;0;0.0;2.0;3.0;19.0;B01
201800028192;1.0;1;0;0.0;2.0;7.0;1.0;B01
201800028201;2.0;1;0;0.0;2.0;1.0;1.0;B01
201800028207;1.0;1;0;0.0;2.0;1.0;1.0;B01
201800028210;1.0;1;0;0.0;1.0;0.0;21.0;A01
201800028215;1.0;1;0;0.0;2.0;4.0;2.0;B01
201800028217;0.0;1;0;0.0;2.0;1.0;0.0;B01
201800028222;0.0;1;0;0.0;2.0;1.0;19.0;B01
201800028224;1.0;1;0;0.0;2.0;1.0;1.0;B01
201800028226;1.0;1;0;0.0;2.0;1.0;19.0;B01
201800028229;2.0;1;0;0.0;2.0;8.0;19.0;B01
201800028236;0.0;1;0;0.0;1.0;1.0;0.0;A01
201800028239;1.0;1;0;0.0;2.0;7.0;0.0;B01
201800028241;0.0;1;0;14.0;0.0;0.0;16.0;A01
201800028243;0.0;1;0;0.0;2.0;1.0;19.0;B01
201800028244;1.0;1;0;0.0;2.0;1.0;0.0;B01
201800028247;1.0;1;0;0.0;2.0;0.0;0.0;B01
201800028302;1.0;1;0;0.0;2.0;3.0;15.0;A01
201800028311;1.0;1;0;0.0;1.0;1.0;1.0;A01
201800028314;1.0;1;0;0.0;2.0;1.0;9.0;B01
201800028333;1.0;1;0;0.0;2.0;7.0;19.0;A01
201800028352;1.0;1;0;0.0;2.0;8.0;13.0;A01
201800028362;1.0;1;0;0.0;2.0;7.0;1.0;B01
201800028365;1.0;1;0;0.0;2.0;5.0;3.0;A01
201800028383;1.0;1;0;0.0;2.0;8.0;1.0;A01
201800028405;1.0;1;0;0.0;2.0;1.0;1.0;B01
201800028415;1.0;1;0;0.0;2.0;1.0;1.0;A01
201800028457;1.0;1;0;0.0;1.0;0.0;0.0;Z01
201800028463;1.0;1;0;0.0;2.0;8.0;1.0;B01
201800028480;1.0;1;0;0.0;2.0;1.0;1.0;B01