Num_Acc;senc;catv;occutc;obs;obsm;choc;manv;num_veh
201800035301;1.0;1;0;0.0;2.0;8.0;1.0;B01
201800035303;0.0;1;0;0.0;2.0;5.0;19.0;A01
201800035309;0.0;1;0;0.0;2.0;4.0;1.0;B01
201800035318;0.0;1;0;0.0;2.0;7.0;19.0;B01
201800035327;1.0;1;0;0.0;2.0;1.0;1.0;B01
201800035335;2.0;1;0;0.0;2.0;4.0;2.0;B01
201800035348;2.0;1;0;0.0;2.0;1.0;1.0;B01
201800035354;1.0;1;0;0.0;2.0;8.0;19.0;B01
201800035378;0.0;1;0;0.0;2.0;4.0;2.0;B01
201800035403;2.0;1;0;1.0;0.0;1.0;14.0;A01
201800035411;1.0;1;0;0.0;2.0;1.0;0.0;B01
201800035433;1.0;1;0;0.0;2.0;8.0;13.0;A01
201800035480;1.0;1;0;0.0;2.0;1.0;0.0;B01
201800035488;0.0;1;0;0.0;2.0;8.0;19.0;B01
201800035500;0.0;1;0;0.0;2.0;1.0;1.0;B01
201800035508;1.0;1;0;0.0;2.0;4.0;1.0;A01
201800035536;2.0;1;0;0.0;2.0;1.0;2.0;A01
201800035546;0.0;1;0;0.0;2.0;8.0;0.0;B01
201800035579;0.0;1;0;0.0;2.0;8.0;0.0;B01
201800035581;1.0;1;0;1.0;2.0;7.0;17.0;B01
201800035586;0.0;1;0;0.0;2.0;7.0;1.0;B01
201800035592;0.0;1;0;0.0;2.0;1.0;1.0;B01
201800035596;1.0;1;0;0.0;2.0;1.0;1.0;B01
201800035599;0.0;1;0;0.0;2.0;1.0;0.0;B01
201800035670;2.0;1;0;0.0;1.0;1.0;1.0;A01
201800035674;1.0;1;0;0.0;2.0;8.0;1.0;B01
201800035676;1.0;1;0;0.0;2.0;2.0;1.0;B01
201800035677;2.0;1;0;0.0;2.0;1.0;1.0;B01
201800035685;2.0;1;0;0.0;2.0;1.0;1.0;B01
201800035687;0.0;1;0;0.0;0.0;8.0;19.0;B01
201800035689;0.0;1;0;0.0;2.0;4.0;1.0;B01
201800035694;2.0;1;0;0.0;2.0;3.0;1.0;B01
201800035717;0.0;1;0;0.0;2.0;1.0;1.0;B01
201800035737;1.0;1;0;12.0;0.0;7.0;2.0;A01
201800035740;0.0;1;0;0.0;2.0;1.0;1.0;B01
201800035744;1.0;1;0;0.0;2.0;7.0;1.0;B01
201800035746;0.0;1;0;0.0;2.0;1.0;16.0;B01
201800035756;2.0;1;0;0.0;2.0;0.0;9.0;A01
201800035757;1.0;1;0;0.0;2.0;3.0;1.0;B01
201800035760;2.0;1;0;0.0;2.0;1.0;1.0;B01
201800035767;1.0;1;0;0.0;2.0;8.0;19.0;B01
201800035778;1.0;1;0;0.0;2.0;8.0;1.0;B01
201800035784;1.0;1;0;0.0;2.0;1.0;15.0;B01
201800035799;2.0;1;0;0.0;2.0;1.0;1.0;B01
201800035804;0.0;1;0;0.0;2.0;1.0;1.0;B01
201800035806;1.0;1;0;0.0;2.0;4.0;1.0;B01
201800035810;1.0;1;0;14.0;0.0;0.0;1.0;A01
201800035811;0.0;1;0;0.0;0.0;0.0;0.0;B01
201800035819;0.0;1;0;0.0;0.0;0.0;0.0;B01
201800035842;1.0;1;0;0.0;2.0;1.0;2.0;B01
201800035843;1.0;1;0;0.0;2.0;1.0;1.0;B01
201800035850;2.0;1;0;0.0;2.0;7.0;13.0;B01
201800035870;1.0;1;0;0.0;2.0;7.0;1.0;B01
201800035902;0.0;1;0;0.0;2.0;1.0;1.0;B01
201800035906;0.0;1;0;0.0;2.0;8.0;1.0;B01
201800035914;0.0;1;0;0.0;2.0;3.0;1.0;B01
201800035917;0.0;1;0;0.0;2.0;7.0;1.0;B01
201800035956;0.0;1;0;0.0;2.0;0.0;0.0;B01
201800035959;0.0;1;0;0.0;2.0;7.0;1.0;B01
201800035960;0.0;1;0;0.0;2.0;1.0;1.0;B01
201800035972;1.0;1;0;0.0;2.0;2.0;1.0;B01
201800035985;1.0;1;0;0.0;2.0;1.0;1.0;B01
201800035988;2.0;1;0;0.0;2.0;1.0;1.0;B01
201800036082;0.0;1;0;0.0;2.0;3.0;1.0;B01
201800036090;2.0;1;0;0.0;2.0;8.0;1.0;A01
201800036092;2.0;1;0;0.0;2.0;8.0;1.0;B01
201800036103;2.0;1;0;0.0;2.0;8.0;1.0;B01
201800036105;1.0;1;0;0.0;2.0;1.0;2.0;A01
201800036120;2.0;1;0;0.0;0.0;0.0;1.0;A01
201800036121;2.0;1;0;12.0;0.0;1.0;0.0;A01
201800036123;2.0;1;0;0.0;0.0;1.0;1.0;A01
201800036138;1.0;1;0;0.0;0.0;1.0;16.0;A01
201800036146;1.0;1;0;0.0;2.0;1.0;9.0;A01
201800036150;2.0;1;0;12.0;0.0;1.0;0.0;A01
201800036152;0.0;1;0;0.0;0.0;0.0;1.0;A01
201800036164;0.0;1;0;0.0;0.0;0.0;0.0;A01
201800036169;2.0;1;0;0.0;2.0;3.0;1.0;B01
201800036176;1.0;1;0;0.0;2.0;8.0;13.0;A01
201800036189;2.0;1;0;0.0;2.0;1.0;1.0;B01
201800036209;2.0;1;0;0.0;2.0;1.0;1.0;B01
201800036241;1.0;1;0;0.0;2.0;1.0;1.0;A01
201800036250;2.0;1;0;0.0;2.0;4.0;2.0;A01
201800036256;2.0;1;0;0.0;0.0;8.0;1.0;A01
201800036280;1.0;1;0;1.0;0.0;1.0;14.0;A01
201800036282;2.0;1;0;0.0;2.0;1.0;1.0;B01
201800036285;0.0;1;0;9.0;0.0;2.0;0.0;B01
201800036290;2.0;1;0;0.0;2.0;1.0;1.0;B01
201800036302;0.0;1;0;0.0;2.0;0.0;0.0;B01
201800036303;1.0;1;0;0.0;2.0;8.0;19.0;B01
201800036304;1.0;1;0;0.0;2.0;1.0;1.0;C01
201800036325;2.0;1;0;0.0;2.0;7.0;1.0;B01
201800036333;2.0;1;0;0.0;2.0;1.0;15.0;B01
201800036340;0.0;1;0;0.0;2.0;8.0;19.0;B01
201800036344;1.0;1;0;0.0;2.0;4.0;2.0;B01
201800036354;0.0;1;0;0.0;1.0;1.0;1.0;A01
201800036365;1.0;1;0;0.0;0.0;0.0;0.0;B01
201800036369;1.0;1;0;0.0;1.0;1.0;0.0;A01
201800036407;1.0;1;0;0.0;2.0;1.0;19.0;B01
201800036418;1.0;1;0;12.0;0.0;1.0;16.0;A01
201800036419;0.0;1;0;0.0;2.0;1.0;1.0;B01
201800036432;0.0;1;0;1.0;0.0;0.0;1.0;A01
201800036470;0.0;1;0;0.0;0.0;0.0;15.0;A01
201800036479;2.0;1;0;0.0;0.0;7.0;1.0;A01
201800036513;0.0;1;0;0.0;2.0;1.0;1.0;A01
201800036516;1.0;1;0;0.0;2.0;1.0;2.0;C01
201800036516;1.0;1;0;0.0;2.0;1.0;1.0;B01
201800036539;0.0;1;0;0.0;2.0;8.0;23.0;B01
201800036585;2.0;1;0;0.0;2.0;1.0;1.0;B01
201800036593;1.0;1;0;0.0;2.0;6.0;15.0;B01
201800036594;0.0;1;0;0.0;2.0;2.0;1.0;B01
201800036618;0.0;1;0;0.0;2.0;7.0;1.0;B01
201800036621;1.0;1;0;0.0;2.0;4.0;16.0;B01
201800036633;0.0;1;0;0.0;2.0;1.0;1.0;B01
201800036640;1.0;1;0;0.0;2.0;8.0;1.0;B01
201800036678;1.0;1;0;0.0;2.0;5.0;16.0;B01
201800036687;1.0;1;0;0.0;2.0;6.0;1.0;B01
201800036705;0.0;1;0;0.0;2.0;1.0;1.0;B01
201800036721;1.0;1;0;9.0;0.0;5.0;1.0;A01
201800036733;0.0;1;0;0.0;0.0;0.0;1.0;A01
201800036736;0.0;1;0;0.0;2.0;1.0;1.0;B01
201800036746;0.0;1;0;0.0;2.0;4.0;2.0;A01
201800036757;0.0;1;0;0.0;2.0;1.0;1.0;B01
201800036766;0.0;1;0;0.0;2.0;1.0;1.0;A01
201800036772;0.0;1;0;0.0;2.0;1.0;1.0;A01
201800036823;0.0;1;0;0.0;2.0;6.0;9.0;B01
201800036859;2.0;1;0;0.0;2.0;1.0;1.0;B01
201800036860;0.0;1;0;14.0;2.0;3.0;3.0;B01
201800036867;0.0;1;0;0.0;2.0;3.0;1.0;B01
201800036869;0.0;1;0;0.0;2.0;7.0;1.0;B01
201800036911;1.0;1;0;0.0;2.0;1.0;2.0;B01
201800036922;2.0;1;0;0.0;2.0;8.0;1.0;B01
201800036943;0.0;1;0;0.0;2.0;5.0;2.0;B01
201800036948;0.0;1;0;0.0;2.0;6.0;1.0;B01
201800036985;2.0;1;0;0.0;2.0;1.0;1.0;B01
201800036990;0.0;1;0;0.0;2.0;1.0;1.0;B01
201800036999;1.0;1;0;0.0;2.0;1.0;19.0;B01
201800037001;0.0;1;0;0.0;2.0;7.0;1.0;B01
201800037018;0.0;1;0;14.0;2.0;5.0;19.0;B01
201800037033;2.0;1;0;0.0;2.0;3.0;0.0;B01
201800037035;1.0;1;0;0.0;2.0;7.0;1.0;B01
201800037038;0.0;1;0;0.0;2.0;3.0;19.0;B01
201800037043;0.0;1;0;0.0;0.0;0.0;13.0;A01
201800037049;2.0;1;0;0.0;0.0;1.0;1.0;A01
201800037065;1.0;1;0;0.0;2.0;7.0;19.0;B01
201800037070;1.0;1;0;0.0;2.0;1.0;16.0;B01
201800037077;1.0;1;0;0.0;2.0;7.0;19.0;B01
201800037079;0.0;1;0;1.0;2.0;8.0;19.0;B01
201800037125;2.0;1;0;0.0;2.0;3.0;16.0;B01
201800037157;2.0;1;0;0.0;2.0;8.0;1.0;B01
201800037163;1.0;1;0;0.0;2.0;1.0;1.0;B01
201800037167;2.0;1;0;0.0;2.0;1.0;23.0;A01
201800037170;1.0;1;0;0.0;2.0;1.0;19.0;A01
201800037173;0.0;1;0;0.0;2.0;3.0;2.0;B01
201800037180;0.0;1;0;0.0;2.0;1.0;2.0;B01
201800037186;2.0;1;0;0.0;1.0;1.0;1.0;A01
201800037234;1.0;1;0;0.0;1.0;4.0;15.0;A01
201800037238;2.0;1;0;0.0;2.0;1.0;1.0;B01
201800037255;0.0;1;0;0.0;2.0;1.0;15.0;A01
201800037255;0.0;1;0;0.0;2.0;1.0;21.0;B01
201800037256;1.0;1;0;0.0;2.0;4.0;1.0;B01
201800037263;2.0;1;0;0.0;2.0;1.0;15.0;A01
201800037263;2.0;1;0;0.0;2.0;7.0;1.0;B01
201800037295;0.0;1;0;0.0;0.0;1.0;1.0;A01
201800037341;1.0;1;0;0.0;2.0;3.0;13.0;B01
201800037403;1.0;1;0;0.0;2.0;1.0;1.0;A01
201800037420;2.0;1;0;0.0;2.0;1.0;2.0;B01
201800037422;2.0;1;0;0.0;2.0;3.0;2.0;B01
201800037427;1.0;1;0;0.0;9.0;8.0;0.0;B01
201800037433;1.0;1;0;0.0;2.0;7.0;1.0;A01
201800037438;1.0;1;0;0.0;2.0;4.0;15.0;B01
201800037459;2.0;1;0;0.0;2.0;1.0;2.0;B01
201800037479;1.0;1;0;0.0;2.0;8.0;9.0;B01
201800037484;2.0;1;0;0.0;2.0;1.0;1.0;B01
201800037499;1.0;1;0;0.0;2.0;8.0;1.0;B01
201800037505;1.0;1;0;0.0;2.0;7.0;19.0;A01
201800037545;1.0;1;0;0.0;2.0;7.0;19.0;B01
201800037568;1.0;1;0;0.0;2.0;1.0;1.0;B01
201800037610;1.0;1;0;0.0;2.0;1.0;2.0;B01
201800037621;2.0;1;0;0.0;2.0;4.0;7.0;B01
201800037622;1.0;1;0;0.0;2.0;7.0;19.0;B01
201800037628;2.0;1;0;0.0;2.0;3.0;1.0;B01
201800037634;1.0;1;0;0.0;2.0;8.0;15.0;B01
201800037637;1.0;1;0;0.0;2.0;1.0;2.0;A01
201800037658;1.0;1;0;0.0;2.0;8.0;0.0;B01
201800037667;2.0;1;0;0.0;2.0;1.0;1.0;B01
201800037681;1.0;1;0;0.0;2.0;7.0;1.0;B01
201800037688;1.0;1;0;0.0;2.0;4.0;1.0;A01
201800037689;1.0;1;0;0.0;2.0;2.0;1.0;B01
201800037695;2.0;1;0;0.0;2.0;7.0;1.0;B01
201800037700;1.0;1;0;0.0;2.0;8.0;7.0;B01
201800037708;1.0;1;0;0.0;0.0;0.0;1.0;B01
201800037716;2.0;1;0;0.0;2.0;1.0;1.0;A01
201800037721;2.0;1;0;0.0;2.0;4.0;15.0;B01
201800037724;1.0;1;0;0.0;2.0;7.0;1.0;B01
201800037743;2.0;1;0;0.0;2.0;1.0;2.0;B01
201800037792;1.0;1;0;0.0;2.0;1.0;0.0;A01
201800037815;1.0;1;0;0.0;2.0;1.0;5.0;A01
201800037830;1.0;1;0;0.0;2.0;1.0;0.0;A01
201800037862;0.0;1;0;0.0;1.0;1.0;1.0;A01
201800037926;1.0;1;0;0.0;2.0;7.0;17.0;A01
201800037935;2.0;1;0;0.0;2.0;1.0;5.0;B01
201800037942;2.0;1;0;0.0;2.0;1.0;9.0;B01
201800037948;1.0;1;0;0.0;2.0;1.0;2.0;A01
201800037950;1.0;1;0;0.0;2.0;3.0;1.0;B01
201800037996;1.0;1;0;0.0;1.0;1.0;1.0;A01
201800038006;0.0;1;0;0.0;0.0;1.0;1.0;A01
201800038007;0.0;1;0;15.0;0.0;1.0;0.0;A01
201800038012;0.0;1;0;0.0;0.0;1.0;0.0;A01
201800038049;1.0;1;0;0.0;2.0;2.0;1.0;B01
201800038053;1.0;1;0;0.0;2.0;4.0;15.0;B01
201800038112;1.0;1;0;0.0;2.0;4.0;0.0;A01
201800038123;1.0;1;0;0.0;2.0;0.0;0.0;B01
201800038144;1.0;1;0;0.0;2.0;8.0;19.0;B01
201800038146;1.0;1;0;0.0;1.0;1.0;2.0;A01
201800038207;1.0;1;0;0.0;2.0;1.0;1.0;B01
201800038208;2.0;1;0;0.0;2.0;1.0;2.0;B01
201800038222;0.0;1;0;0.0;2.0;1.0;1.0;B01
201800038223;2.0;1;0;0.0;1.0;1.0;21.0;A01
201800038226;1.0;1;0;0.0;2.0;1.0;2.0;B01
201800038227;0.0;1;0;0.0;2.0;1.0;1.0;B01
201800038234;1.0;1;0;0.0;2.0;1.0;1.0;B01
201800038238;0.0;1;0;0.0;0.0;0.0;16.0;B01
201800038272;1.0;1;0;0.0;2.0;1.0;2.0;B01
201800038278;1.0;1;0;0.0;2.0;8.0;1.0;B01
201800038291;1.0;1;0;14.0;0.0;1.0;18.0;B01
201800038292;1.0;1;0;0.0;2.0;8.0;1.0;B01
201800038295;2.0;1;0;1.0;0.0;1.0;1.0;A01
201800038297;1.0;1;0;0.0;2.0;1.0;1.0;A01
201800038306;1.0;1;0;0.0;2.0;1.0;8.0;B01
201800038307;1.0;1;0;0.0;0.0;4.0;16.0;B01
201800038321;1.0;1;0;0.0;2.0;1.0;1.0;B01
201800038322;1.0;1;0;0.0;2.0;3.0;1.0;B01
201800038323;1.0;1;0;0.0;0.0;0.0;0.0;B01
201800038357;1.0;1;0;0.0;0.0;0.0;2.0;B01
201800038375;2.0;1;0;0.0;2.0;1.0;1.0;E01
201800038389;1.0;1;0;0.0;0.0;2.0;1.0;B01
201800038420;1.0;1;0;0.0;9.0;8.0;13.0;A01
201800038439;1.0;1;0;0.0;2.0;7.0;19.0;B01
201800038483;1.0;1;0;1.0;0.0;7.0;17.0;A01
201800038485;1.0;1;0;0.0;2.0;8.0;13.0;B01
201800038509;1.0;1;0;1.0;0.0;7.0;1.0;A01
201800038515;2.0;1;0;0.0;2.0;7.0;1.0;B01
201800038523;2.0;1;0;0.0;2.0;2.0;13.0;B01
201800038530;1.0;1;0;0.0;0.0;1.0;5.0;B01
201800038566;2.0;1;0;1.0;0.0;1.0;1.0;B01
201800038581;1.0;1;0;0.0;2.0;3.0;5.0;B01
201800038588;1.0;1;0;0.0;2.0;1.0;1.0;A01
201800038622;1.0;1;0;0.0;2.0;3.0;1.0;B01
201800038629;0.0;1;0;0.0;2.0;7.0;15.0;A01
201800038633;0.0;1;0;0.0;2.0;7.0;0.0;B01
201800038634;1.0;1;0;0.0;1.0;0.0;0.0;Z01
201800038643;0.0;1;0;0.0;2.0;3.0;19.0;B01
201800038672;1.0;1;0;0.0;1.0;1.0;1.0;A01
201800038678;1.0;1;0;0.0;2.0;8.0;19.0;B01
201800038699;1.0;1;0;0.0;2.0;3.0;1.0;B01
201800038711;1.0;1;0;0.0;2.0;8.0;1.0;B01
201800038721;1.0;1;0;1.0;0.0;2.0;18.0;A01
201800038726;1.0;1;0;0.0;2.0;8.0;0.0;A01
201800038740;2.0;1;0;0.0;1.0;1.0;1.0;A01
201800038752;0.0;1;0;0.0;0.0;0.0;0.0;B01
201800038759;2.0;1;0;0.0;2.0;1.0;2.0;A01
201800038762;2.0;1;0;0.0;2.0;8.0;2.0;B01
201800038775;0.0;1;0;0.0;2.0;7.0;15.0;B01
201800038816;2.0;1;0;0.0;2.0;8.0;1.0;B01
201800038824;2.0;1;0;0.0;2.0;3.0;15.0;B01
201800038826;2.0;1;0;0.0;2.0;1.0;19.0;A01
201800038838;0.0;1;0;0.0;2.0;1.0;1.0;B01
201800038845;2.0;1;0;0.0;2.0;1.0;1.0;B01
201800038853;1.0;1;0;0.0;2.0;1.0;18.0;B01
201800038913;2.0;1;0;0.0;2.0;1.0;19.0;B01
201800038927;1.0;1;0;0.0;2.0;1.0;1.0;B01
201800038935;0.0;1;0;0.0;1.0;1.0;21.0;A01
201800038955;1.0;1;0;0.0;2.0;1.0;9.0;A01
201800038967;0.0;1;0;0.0;1.0;8.0;0.0;A01
201800038979;0.0;1;0;0.0;2.0;7.0;19.0;B01
201800038985;1.0;1;0;0.0;2.0;8.0;9.0;B01
201800038995;1.0;1;0;0.0;9.0;8.0;13.0;B01
201800039006;2.0;1;0;0.0;1.0;1.0;1.0;A01
201800039008;2.0;1;0;0.0;1.0;1.0;1.0;A01
201800039009;2.0;1;0;0.0;2.0;1.0;19.0;B01
201800039024;1.0;1;0;0.0;0.0;0.0;16.0;A01
201800039026;2.0;1;0;0.0;2.0;7.0;13.0;A01
201800039028;1.0;1;0;0.0;2.0;1.0;1.0;B01
201800039030;1.0;1;0;0.0;2.0;1.0;1.0;B01
201800039038;0.0;1;0;0.0;2.0;1.0;0.0;A01
201800039039;1.0;1;0;0.0;2.0;1.0;1.0;B01
201800039041;1.0;1;0;0.0;0.0;0.0;0.0;A01
201800039042;0.0;1;0;0.0;2.0;4.0;1.0;B01
201800039057;1.0;1;0;0.0;2.0;7.0;1.0;B01
201800039097;0.0;1;0;0.0;2.0;7.0;16.0;B01
201800039114;1.0;1;0;0.0;2.0;1.0;19.0;Y01
201800039116;1.0;1;0;0.0;2.0;1.0;1.0;B01
201800039123;1.0;1;0;0.0;1.0;1.0;1.0;A01
201800039126;2.0;1;0;0.0;0.0;0.0;1.0;A01
201800039128;1.0;1;0;0.0;2.0;3.0;19.0;B01
201800039138;1.0;1;0;0.0;1.0;1.0;1.0;A01
201800039140;1.0;1;0;0.0;0.0;0.0;9.0;B01
201800039142;1.0;1;0;0.0;2.0;7.0;1.0;A01
201800039143;1.0;1;0;0.0;2.0;1.0;1.0;B01
201800039145;1.0;1;0;1.0;0.0;1.0;1.0;A01
201800039150;2.0;1;0;0.0;2.0;1.0;1.0;B01
201800039151;1.0;1;0;0.0;2.0;1.0;1.0;B01
201800039156;1.0;1;0;0.0;0.0;0.0;1.0;A01
201800039159;0.0;1;0;0.0;2.0;8.0;19.0;A01
201800039160;1.0;1;0;0.0;2.0;1.0;1.0;B01
201800039161;0.0;1;0;0.0;2.0;8.0;0.0;B01
201800039169;0.0;1;0;0.0;2.0;1.0;1.0;B01
201800039173;;1;0;;;;;B01
201800039174;0.0;1;0;0.0;2.0;1.0;1.0;B01
201800039193;1.0;1;0;0.0;9.0;7.0;19.0;B01
201800039222;1.0;1;0;0.0;2.0;7.0;15.0;B01
201800039229;2.0;1;0;0.0;2.0;1.0;1.0;B01
201800039244;1.0;1;0;0.0;2.0;7.0;1.0;A01
201800039265;2.0;1;0;0.0;2.0;7.0;0.0;A01
201800039267;2.0;1;0;0.0;2.0;8.0;1.0;B01
201800039283;1.0;1;0;0.0;2.0;1.0;1.0;A01
201800039288;2.0;1;0;0.0;2.0;3.0;9.0;B01
201800039333;1.0;1;0;0.0;0.0;7.0;13.0;B01
201800039341;1.0;1;0;0.0;2.0;3.0;1.0;A01
201800039347;1.0;1;0;0.0;2.0;7.0;19.0;B01
201800039363;1.0;1;0;0.0;2.0;0.0;21.0;A01
201800039377;1.0;1;0;0.0;2.0;0.0;9.0;B01
201800039401;2.0;1;0;0.0;2.0;1.0;1.0;B01
201800039407;0.0;1;0;0.0;2.0;7.0;19.0;B01
201800039422;1.0;1;0;2.0;2.0;5.0;1.0;A01
201800039426;1.0;1;0;0.0;2.0;0.0;19.0;B01
201800039433;0.0;1;0;0.0;2.0;4.0;2.0;B01
201800039447;2.0;1;0;0.0;2.0;2.0;12.0;A01
201800039567;2.0;1;0;0.0;2.0;1.0;1.0;B01
201800039578;;1;0;;;;;B01
201800039630;2.0;1;0;0.0;2.0;1.0;2.0;B01
201800039639;1.0;1;0;0.0;2.0;1.0;21.0;B01
201800039724;1.0;1;0;0.0;1.0;1.0;15.0;A01
201800039734;0.0;1;0;0.0;2.0;1.0;19.0;B01
201800039749;0.0;1;0;0.0;2.0;2.0;1.0;B01
201800039750;0.0;1;0;0.0;0.0;2.0;1.0;B01
201800039808;1.0;1;0;0.0;2.0;3.0;19.0;B01
201800039900;2.0;1;0;0.0;2.0;1.0;5.0;Y01
201800039927;;1;0;;;;;B01
201800039937;2.0;1;0;0.0;2.0;1.0;1.0;B01
201800039946;1.0;1;0;0.0;2.0;4.0;2.0;A01
201800039962;1.0;1;0;0.0;2.0;1.0;3.0;A01
201800040006;0.0;1;0;0.0;2.0;1.0;1.0;B01
201800040082;1.0;1;0;0.0;2.0;1.0;2.0;A01
201800040085;2.0;1;0;1.0;0.0;8.0;0.0;B01
201800040145;1.0;1;0;0.0;2.0;1.0;11.0;B01
201800040160;2.0;1;0;0.0;2.0;8.0;1.0;B01
201800040182;1.0;1;0;1.0;0.0;2.0;1.0;B01
201800040202;1.0;1;0;0.0;2.0;7.0;1.0;F01
201800040213;0.0;1;0;0.0;0.0;6.0;1.0;B01
201800040233;0.0;1;0;0.0;2.0;4.0;15.0;B01
201800040308;2.0;1;0;0.0;2.0;1.0;15.0;B01
201800040335;2.0;1;0;0.0;2.0;8.0;15.0;B01
201800040337;2.0;1;0;0.0;2.0;1.0;15.0;B01
201800040338;2.0;1;0;0.0;1.0;7.0;1.0;A01
201800040425;1.0;1;0;1.0;2.0;1.0;1.0;B01
201800040437;0.0;1;0;1.0;0.0;1.0;1.0;B01
201800040439;0.0;1;0;0.0;2.0;8.0;19.0;B01
201800040459;0.0;1;0;0.0;2.0;7.0;0.0;B01
201800040487;1.0;1;0;0.0;2.0;3.0;1.0;B01
201800040489;;1;0;;;;;B01
201800040490;0.0;1;0;0.0;2.0;1.0;1.0;B01
201800040493;0.0;1;0;0.0;2.0;5.0;1.0;B01
201800040521;0.0;1;0;0.0;2.0;2.0;19.0;A01
201800040534;2.0;1;0;1.0;2.0;2.0;2.0;A01
201800040544;2.0;1;0;0.0;1.0;1.0;16.0;A01
201800040590;1.0;1;0;0.0;0.0;1.0;1.0;A01
201800040595;1.0;1;0;0.0;2.0;1.0;17.0;B01
201800040603;1.0;1;0;0.0;2.0;8.0;1.0;A01
201800040606;1.0;1;0;0.0;2.0;1.0;1.0;A01
201800040650;1.0;1;0;1.0;0.0;0.0;0.0;B01
201800040692;1.0;1;0;0.0;2.0;4.0;9.0;B01
201800040697;0.0;1;0;0.0;2.0;3.0;19.0;B01
201800040702;1.0;1;0;1.0;0.0;3.0;22.0;B01
201800040717;0.0;1;0;0.0;2.0;1.0;0.0;B01
201800040826;1.0;1;0;0.0;1.0;1.0;21.0;A01
201800040877;1.0;1;0;0.0;2.0;8.0;9.0;B01
201800040914;2.0;1;0;0.0;1.0;1.0;1.0;A01
201800040938;2.0;1;0;0.0;2.0;1.0;1.0;B01
201800040945;0.0;1;0;0.0;2.0;7.0;19.0;B01
201800040962;1.0;1;0;1.0;0.0;1.0;1.0;B01
201800040971;2.0;1;0;0.0;2.0;1.0;19.0;A01
201800040977;1.0;1;0;1.0;2.0;2.0;17.0;B01
201800041023;2.0;1;0;0.0;2.0;1.0;13.0;A01
201800041030;1.0;1;0;0.0;2.0;1.0;9.0;B01
201800041059;1.0;1;0;0.0;2.0;1.0;0.0;B01
201800041077;1.0;1;0;0.0;0.0;8.0;2.0;B01
201800041095;1.0;1;0;0.0;2.0;4.0;14.0;B01
201800041158;0.0;1;0;0.0;2.0;2.0;1.0;B01
201800041183;1.0;1;0;0.0;2.0;1.0;9.0;B01
201800041231;1.0;1;0;0.0;2.0;8.0;19.0;B01
201800041240;1.0;1;0;0.0;2.0;7.0;1.0;B01
201800041273;0.0;1;0;0.0;2.0;1.0;1.0;B01
201800041289;1.0;1;0;0.0;2.0;4.0;0.0;A01
201800041305;2.0;1;0;0.0;2.0;8.0;1.0;B01
201800041324;1.0;1;0;0.0;2.0;8.0;1.0;A01
201800041337;2.0;1;0;0.0;2.0;8.0;1.0;B01
201800041350;1.0;1;0;9.0;0.0;4.0;0.0;B01
201800041352;1.0;1;0;0.0;2.0;7.0;19.0;B01
201800041358;2.0;1;0;14.0;2.0;2.0;21.0;A01
201800041359;1.0;1;0;0.0;2.0;2.0;5.0;B01
201800041362;2.0;1;0;1.0;0.0;1.0;1.0;B01
201800041404;1.0;1;0;0.0;2.0;4.0;1.0;B02
201800041407;1.0;1;0;0.0;2.0;1.0;2.0;A01
201800041417;2.0;1;0;0.0;2.0;2.0;17.0;B01
201800041426;2.0;1;0;0.0;0.0;0.0;0.0;A01
201800041430;2.0;1;0;0.0;2.0;1.0;15.0;A01
201800041440;1.0;1;0;0.0;2.0;5.0;15.0;B01
201800041479;1.0;1;0;0.0;2.0;1.0;0.0;B01
201800041492;1.0;1;0;0.0;2.0;1.0;1.0;B01
201800041500;2.0;1;0;0.0;2.0;1.0;2.0;A01
201800041527;0.0;1;0;0.0;0.0;1.0;1.0;A01
201800041530;0.0;1;0;0.0;2.0;2.0;2.0;B01
201800041555;1.0;1;0;0.0;2.0;5.0;9.0;B01
201800041574;2.0;1;0;0.0;2.0;8.0;19.0;A01