Num_Acc;senc;catv;occutc;obs;obsm;choc;manv;num_veh
201800041588;0.0;1;0;0.0;2.0;1.0;1.0;B01
201800041595;0.0;1;0;4.0;0.0;8.0;0.0;A01
201800041600;0.0;1;0;0.0;2.0;1.0;5.0;B01
201800041603;1.0;1;0;0.0;2.0;1.0;1.0;B01
201800041647;2.0;1;0;0.0;2.0;7.0;15.0;B01
201800041659;1.0;1;0;4.0;0.0;1.0;14.0;A01
201800041663;1.0;1;0;0.0;1.0;2.0;19.0;A01
201800041674;2.0;1;0;0.0;2.0;3.0;11.0;B01
201800041676;2.0;1;0;0.0;2.0;1.0;1.0;B01
201800041683;0.0;1;0;0.0;2.0;0.0;0.0;B01
201800041685;2.0;1;0;1.0;0.0;1.0;17.0;B01
201800041688;2.0;1;0;1.0;0.0;7.0;1.0;B01
201800041698;2.0;1;0;0.0;2.0;1.0;19.0;B01
201800041699;2.0;1;0;0.0;2.0;1.0;1.0;B01
201800041745;2.0;1;0;1.0;0.0;1.0;1.0;B01
201800041808;2.0;1;0;0.0;2.0;1.0;15.0;A01
201800041813;0.0;1;0;0.0;0.0;0.0;0.0;A01
201800041839;2.0;1;0;0.0;2.0;8.0;1.0;B01
201800041841;;1;0;0.0;2.0;1.0;1.0;B02
201800041872;2.0;1;0;0.0;2.0;2.0;19.0;B01
201800041880;1.0;1;0;0.0;2.0;1.0;1.0;A01
201800041914;1.0;1;0;0.0;2.0;1.0;6.0;A01
201800041923;2.0;1;0;0.0;2.0;1.0;1.0;A01
201800041934;1.0;1;0;0.0;2.0;1.0;15.0;B01
201800041979;0.0;1;0;0.0;2.0;1.0;15.0;B01
201800041996;1.0;1;0;0.0;2.0;1.0;0.0;B01
201800042010;1.0;1;0;0.0;0.0;1.0;2.0;B01
201800042023;1.0;1;0;0.0;2.0;7.0;1.0;B01
201800042034;1.0;1;0;0.0;2.0;7.0;16.0;Y01
201800042035;1.0;1;0;0.0;2.0;7.0;19.0;A01
201800042044;1.0;1;0;0.0;0.0;4.0;2.0;B01
201800042044;1.0;1;0;0.0;0.0;4.0;2.0;C01
201800042057;2.0;1;0;0.0;2.0;4.0;2.0;A01
201800042074;2.0;1;0;0.0;2.0;1.0;1.0;B01
201800042082;0.0;1;0;0.0;2.0;1.0;2.0;B01
201800042092;0.0;1;0;0.0;2.0;1.0;1.0;A01
201800042096;1.0;1;0;0.0;2.0;3.0;11.0;A01
201800042112;2.0;1;0;0.0;2.0;1.0;1.0;A01
201800042129;2.0;1;0;1.0;2.0;6.0;15.0;B01
201800042136;1.0;1;0;0.0;2.0;8.0;0.0;B01
201800042176;1.0;1;0;0.0;2.0;4.0;1.0;B01
201800042188;1.0;1;0;0.0;2.0;8.0;19.0;B01
201800042237;1.0;1;0;0.0;2.0;8.0;1.0;B01
201800042264;1.0;1;0;0.0;2.0;2.0;1.0;B01
201800042267;1.0;1;0;0.0;2.0;2.0;1.0;B01
201800042279;1.0;1;0;0.0;1.0;1.0;1.0;A01
201800042284;1.0;1;0;0.0;0.0;0.0;19.0;A01
201800042290;1.0;1;0;0.0;2.0;7.0;1.0;B01
201800042334;1.0;1;0;0.0;0.0;1.0;19.0;B01
201800042359;2.0;1;0;0.0;2.0;2.0;19.0;B01
201800042374;1.0;1;0;0.0;2.0;4.0;1.0;B01
201800042379;0.0;1;0;0.0;2.0;1.0;0.0;A01
201800042399;1.0;1;0;0.0;2.0;6.0;2.0;B01
201800042458;1.0;1;0;4.0;2.0;8.0;15.0;B01
201800042479;1.0;1;0;0.0;2.0;1.0;19.0;A01
201800042480;1.0;1;0;0.0;2.0;3.0;1.0;B01
201800042486;0.0;1;0;0.0;2.0;2.0;5.0;B01
201800042493;2.0;1;0;0.0;2.0;1.0;15.0;A01
201800042506;0.0;1;0;1.0;0.0;1.0;1.0;B01
201800042511;1.0;1;0;0.0;2.0;3.0;1.0;B01
201800042546;1.0;1;0;0.0;2.0;5.0;1.0;B01
201800042558;2.0;1;0;0.0;2.0;7.0;1.0;B01
201800042559;1.0;1;0;0.0;2.0;0.0;0.0;B01
201800042569;2.0;1;0;0.0;2.0;7.0;1.0;A01
201800042573;1.0;1;0;0.0;2.0;2.0;0.0;B01
201800042582;2.0;1;0;14.0;0.0;1.0;0.0;A01
201800042596;1.0;1;0;1.0;0.0;1.0;0.0;B01
201800042622;1.0;1;0;0.0;2.0;1.0;20.0;A01
201800042629;2.0;1;0;0.0;2.0;4.0;2.0;B01
201800042668;1.0;1;0;0.0;2.0;1.0;2.0;B01
201800042689;2.0;1;0;0.0;2.0;3.0;1.0;A01
201800042689;1.0;1;0;0.0;2.0;2.0;1.0;B01
201800042710;1.0;1;0;0.0;2.0;3.0;1.0;B01
201800042711;1.0;1;0;0.0;1.0;0.0;2.0;A01
201800042716;1.0;1;0;0.0;2.0;1.0;5.0;B01
201800042736;1.0;1;0;0.0;2.0;1.0;1.0;B01
201800042740;1.0;1;0;0.0;2.0;2.0;1.0;B01
201800042757;2.0;1;0;0.0;2.0;1.0;1.0;B01
201800042772;1.0;1;0;1.0;0.0;2.0;1.0;A01
201800042775;1.0;1;0;0.0;2.0;1.0;1.0;B01
201800042784;1.0;1;0;0.0;1.0;1.0;1.0;A01
201800042787;2.0;1;0;0.0;2.0;1.0;1.0;Y01
201800042797;1.0;1;0;0.0;0.0;8.0;1.0;B01
201800042801;0.0;1;0;0.0;2.0;1.0;1.0;A01
201800042811;1.0;1;0;0.0;2.0;8.0;16.0;B01
201800042814;1.0;1;0;0.0;2.0;1.0;2.0;A01
201800042833;2.0;1;0;0.0;2.0;1.0;1.0;A01
201800042838;2.0;1;0;0.0;2.0;8.0;2.0;B01
201800042847;1.0;1;0;0.0;2.0;1.0;1.0;B01
201800042849;0.0;1;0;0.0;1.0;1.0;1.0;A01
201800042856;1.0;1;0;1.0;0.0;7.0;1.0;B01
201800042864;1.0;1;0;0.0;2.0;2.0;1.0;A01
201800042874;1.0;1;0;0.0;2.0;3.0;5.0;A01
201800042876;2.0;1;0;0.0;2.0;1.0;1.0;B01
201800042900;2.0;1;0;0.0;2.0;4.0;1.0;B01
201800042919;1.0;1;0;0.0;2.0;8.0;14.0;B01
201800042936;1.0;1;0;0.0;2.0;8.0;15.0;B01
201800042942;2.0;1;0;0.0;2.0;8.0;1.0;B01
201800042959;1.0;1;0;0.0;2.0;7.0;1.0;B01
201800042993;2.0;1;0;0.0;2.0;1.0;0.0;B01
201800042997;1.0;1;0;0.0;2.0;8.0;19.0;B01
201800042998;1.0;1;0;0.0;2.0;6.0;18.0;B01
201800043011;2.0;1;0;0.0;2.0;1.0;19.0;A01
201800043044;1.0;1;0;0.0;2.0;0.0;0.0;B01
201800043063;1.0;1;0;;;;;A01
201800043071;1.0;1;0;0.0;2.0;2.0;19.0;B01
201800043115;2.0;1;0;11.0;2.0;2.0;17.0;B01
201800043138;1.0;1;0;1.0;0.0;1.0;2.0;B01
201800043158;2.0;1;0;0.0;2.0;8.0;19.0;B01
201800043159;1.0;1;0;0.0;0.0;0.0;0.0;B01
201800043163;0.0;1;0;0.0;2.0;1.0;0.0;B01
201800043169;1.0;1;0;0.0;2.0;0.0;1.0;Y01
201800043171;2.0;1;0;0.0;2.0;1.0;1.0;B01
201800043172;1.0;1;0;0.0;2.0;1.0;8.0;B01
201800043196;1.0;1;0;0.0;2.0;4.0;13.0;B01
201800043205;1.0;1;0;0.0;2.0;8.0;7.0;B01
201800043207;2.0;1;0;1.0;0.0;8.0;21.0;B01
201800043208;1.0;1;0;0.0;2.0;1.0;1.0;B01
201800043244;1.0;1;0;0.0;2.0;3.0;18.0;B01
201800043253;0.0;1;0;0.0;2.0;7.0;19.0;B01
201800043254;1.0;1;0;0.0;2.0;1.0;1.0;B01
201800043276;1.0;1;0;0.0;2.0;7.0;1.0;B01
201800043298;1.0;1;0;1.0;2.0;0.0;1.0;B01
201800043309;2.0;1;0;0.0;2.0;1.0;1.0;A01
201800043312;2.0;1;0;0.0;2.0;7.0;16.0;B01
201800043329;0.0;1;0;12.0;2.0;8.0;19.0;B01
201800043347;2.0;1;0;0.0;2.0;1.0;19.0;B01
201800043373;2.0;1;0;0.0;2.0;8.0;19.0;Y01
201800043380;0.0;1;0;0.0;2.0;8.0;1.0;A01
201800043388;0.0;1;0;0.0;2.0;8.0;9.0;B01
201800043389;1.0;1;0;0.0;2.0;1.0;1.0;C01
201800043389;1.0;1;0;0.0;2.0;1.0;1.0;B01
201800043404;0.0;1;0;1.0;2.0;1.0;1.0;B01
201800043408;1.0;1;0;12.0;2.0;1.0;1.0;B01
201800043437;2.0;1;0;0.0;2.0;4.0;1.0;B01
201800043444;1.0;1;0;0.0;2.0;2.0;15.0;A01
201800043457;0.0;1;0;0.0;2.0;1.0;1.0;B01
201800043475;0.0;1;0;0.0;2.0;7.0;19.0;B01
201800043477;1.0;1;0;0.0;1.0;1.0;17.0;A01
201800043478;0.0;1;0;0.0;2.0;1.0;18.0;B01
201800043479;2.0;1;0;8.0;2.0;1.0;1.0;A01
201800043497;1.0;1;0;0.0;2.0;4.0;2.0;B01
201800043498;1.0;1;0;0.0;2.0;8.0;9.0;A01
201800043499;2.0;1;0;0.0;2.0;7.0;1.0;B01
201800043510;0.0;1;0;0.0;2.0;2.0;19.0;B01
201800043545;1.0;1;0;14.0;2.0;5.0;19.0;B01
201800043684;1.0;1;0;1.0;0.0;1.0;1.0;A01
201800043697;1.0;1;0;0.0;2.0;1.0;0.0;A01
201800045013;2.0;1;0;0.0;2.0;8.0;0.0;B01
201800045746;1.0;1;0;0.0;2.0;0.0;0.0;B01
201800046530;0.0;1;0;0.0;2.0;8.0;19.0;B01
201800046578;2.0;1;0;0.0;2.0;7.0;19.0;A01
201800047242;2.0;1;0;0.0;2.0;2.0;0.0;B01
201800047318;1.0;1;0;0.0;2.0;1.0;7.0;B01
201800047326;1.0;1;0;0.0;2.0;7.0;1.0;B01
201800047329;2.0;1;0;0.0;2.0;5.0;2.0;B01
201800047344;2.0;1;0;0.0;0.0;0.0;1.0;A01
201800047353;1.0;1;0;0.0;1.0;1.0;1.0;A01
201800047361;2.0;1;0;0.0;0.0;0.0;1.0;A01
201800047385;2.0;1;0;0.0;2.0;7.0;19.0;A01
201800047405;1.0;1;0;0.0;2.0;1.0;18.0;B01
201800047410;2.0;1;0;11.0;0.0;1.0;19.0;A01
201800047412;2.0;1;0;0.0;2.0;8.0;15.0;Y01
201800047434;1.0;1;0;1.0;0.0;1.0;17.0;B01
201800047439;0.0;1;0;0.0;2.0;0.0;0.0;B01
201800047446;2.0;1;0;1.0;0.0;0.0;0.0;B01
201800047450;1.0;1;0;0.0;1.0;1.0;0.0;A01
201800047452;0.0;1;0;0.0;2.0;1.0;19.0;A01
201800047456;1.0;1;0;0.0;2.0;7.0;19.0;B01
201800047461;2.0;1;0;0.0;2.0;7.0;1.0;B01
201800047474;2.0;1;0;0.0;2.0;1.0;1.0;B01
201800047476;0.0;1;0;0.0;6.0;1.0;0.0;A01
201800047476;1.0;1;0;0.0;6.0;1.0;0.0;B01
201800047484;1.0;1;0;0.0;2.0;0.0;0.0;B01
201800047501;2.0;1;0;1.0;0.0;0.0;0.0;B01
201800047511;1.0;1;0;0.0;2.0;8.0;2.0;B01
201800047516;1.0;1;0;0.0;2.0;2.0;0.0;B01
201800047524;1.0;1;0;0.0;2.0;8.0;19.0;B01
201800047528;1.0;1;0;0.0;0.0;0.0;1.0;A01
201800047529;0.0;1;0;0.0;2.0;7.0;1.0;B01
201800047535;2.0;1;0;0.0;2.0;8.0;1.0;B01
201800047539;2.0;1;0;0.0;1.0;8.0;21.0;A01
201800047543;1.0;1;0;1.0;0.0;2.0;1.0;B01
201800047550;0.0;1;0;0.0;1.0;7.0;17.0;A01
201800047554;2.0;1;0;0.0;2.0;0.0;0.0;B01
201800047555;2.0;1;0;0.0;1.0;1.0;19.0;Y01
201800047557;1.0;1;0;0.0;2.0;1.0;1.0;B01
201800047560;0.0;1;0;0.0;0.0;0.0;0.0;A01
201800047577;1.0;1;0;1.0;0.0;8.0;1.0;B01
201800047581;0.0;1;0;0.0;2.0;8.0;1.0;B01
201800047582;1.0;1;0;0.0;2.0;4.0;2.0;B01
201800047584;2.0;1;0;0.0;2.0;8.0;1.0;A01
201800047589;0.0;1;0;0.0;2.0;8.0;1.0;B01
201800047590;0.0;1;0;0.0;2.0;1.0;18.0;B01
201800047594;2.0;1;0;0.0;2.0;7.0;19.0;A01
201800047595;2.0;1;0;0.0;2.0;1.0;21.0;B01
201800047622;2.0;1;0;1.0;0.0;2.0;3.0;A01
201800047672;2.0;1;0;14.0;2.0;5.0;2.0;A01
201800047678;1.0;1;0;0.0;2.0;1.0;10.0;Y01
201800047683;1.0;1;0;0.0;0.0;1.0;1.0;A01
201800047693;0.0;1;0;0.0;2.0;8.0;19.0;B01
201800047706;1.0;1;0;0.0;2.0;8.0;15.0;B01
201800047732;1.0;1;0;0.0;2.0;1.0;1.0;C01
201800047741;1.0;1;0;0.0;2.0;3.0;8.0;B01
201800047758;0.0;1;0;0.0;2.0;1.0;21.0;A01
201800047759;0.0;1;0;0.0;0.0;0.0;0.0;A01
201800047771;1.0;1;0;0.0;2.0;4.0;1.0;B01
201800047802;0.0;1;0;1.0;0.0;1.0;0.0;A01
201800047820;1.0;1;0;0.0;2.0;6.0;0.0;B01
201800047848;2.0;1;0;0.0;1.0;1.0;1.0;A01
201800048013;2.0;1;0;1.0;0.0;1.0;1.0;B01
201800048018;1.0;1;0;0.0;1.0;8.0;7.0;A01
201800048021;1.0;1;0;0.0;2.0;1.0;9.0;A01
201800048025;1.0;1;0;0.0;2.0;2.0;22.0;B01
201800048031;1.0;1;0;0.0;2.0;4.0;16.0;B01
201800048050;2.0;1;0;0.0;2.0;8.0;19.0;B01
201800048059;1.0;1;0;0.0;2.0;1.0;8.0;B01
201800048064;1.0;1;0;0.0;2.0;1.0;9.0;B01
201800048068;1.0;1;0;8.0;0.0;1.0;0.0;A01
201800048079;1.0;1;0;1.0;0.0;1.0;1.0;B01
201800048084;1.0;1;0;0.0;2.0;8.0;5.0;B01
201800048086;1.0;1;0;0.0;2.0;1.0;1.0;A01
201800048089;1.0;1;0;0.0;2.0;1.0;1.0;B01
201800048098;1.0;1;0;0.0;2.0;8.0;1.0;B01
201800048099;2.0;1;0;0.0;0.0;0.0;1.0;A01
201800048109;2.0;1;0;0.0;2.0;1.0;2.0;B01
201800048121;0.0;1;0;0.0;1.0;1.0;1.0;Z01
201800048124;2.0;1;0;0.0;2.0;6.0;2.0;B01
201800048134;1.0;1;0;0.0;2.0;7.0;19.0;B01
201800048135;1.0;1;0;0.0;2.0;8.0;19.0;B01
201800048135;1.0;1;0;0.0;2.0;1.0;1.0;A01
201800048150;2.0;1;0;0.0;2.0;1.0;19.0;A01
201800048153;2.0;1;0;0.0;1.0;1.0;8.0;A01
201800048156;1.0;1;0;1.0;0.0;1.0;17.0;B01
201800048171;2.0;1;0;0.0;2.0;7.0;1.0;B01
201800048176;2.0;1;0;1.0;0.0;1.0;1.0;A01
201800048182;2.0;1;0;0.0;1.0;7.0;1.0;B01
201800048186;1.0;1;0;0.0;2.0;0.0;8.0;B01
201800048188;2.0;1;0;1.0;0.0;1.0;22.0;B01
201800048192;2.0;1;0;0.0;2.0;1.0;1.0;B01
201800048193;2.0;1;0;0.0;2.0;1.0;5.0;B01
201800048205;0.0;1;0;0.0;2.0;1.0;0.0;A01
201800048205;1.0;1;0;0.0;2.0;1.0;1.0;B01
201800048227;1.0;1;0;0.0;2.0;6.0;7.0;B01
201800048234;2.0;1;0;0.0;2.0;1.0;1.0;B01
201800048243;2.0;1;0;0.0;2.0;1.0;1.0;B01
201800048262;0.0;1;0;0.0;2.0;6.0;1.0;B01
201800048263;0.0;1;0;0.0;2.0;1.0;1.0;B01
201800048273;0.0;1;0;0.0;2.0;1.0;2.0;A01
201800048278;1.0;1;0;0.0;2.0;1.0;1.0;B01
201800048284;2.0;1;0;0.0;2.0;7.0;0.0;A01
201800048285;1.0;1;0;0.0;2.0;1.0;1.0;A01
201800048290;1.0;1;0;0.0;2.0;7.0;1.0;B01
201800048302;1.0;1;0;0.0;2.0;4.0;15.0;B01
201800048306;1.0;1;0;0.0;2.0;0.0;0.0;B01
201800048309;2.0;1;0;1.0;0.0;0.0;2.0;B01
201800048310;2.0;1;0;0.0;2.0;3.0;14.0;B01
201800048311;2.0;1;0;0.0;1.0;1.0;1.0;A01
201800048315;0.0;1;0;0.0;2.0;3.0;19.0;B01
201800048319;1.0;1;0;0.0;2.0;1.0;19.0;A01
201800048335;0.0;1;0;0.0;2.0;1.0;15.0;A01
201800048336;1.0;1;0;0.0;4.0;1.0;19.0;B01
201800048340;1.0;1;0;0.0;2.0;3.0;19.0;B01
201800048341;0.0;1;0;0.0;2.0;4.0;1.0;B01
201800048347;1.0;1;0;0.0;2.0;8.0;1.0;B01
201800048349;2.0;1;0;0.0;6.0;8.0;1.0;B01
201800048349;1.0;1;0;0.0;6.0;1.0;7.0;A01
201800048351;2.0;1;0;0.0;2.0;8.0;1.0;B01
201800048360;2.0;1;0;0.0;2.0;3.0;19.0;A01
201800048364;1.0;1;0;0.0;2.0;1.0;1.0;B01
201800048390;1.0;1;0;0.0;2.0;8.0;8.0;B01
201800048416;0.0;1;0;0.0;2.0;2.0;19.0;A01
201800048429;1.0;1;0;0.0;2.0;5.0;1.0;A01
201800048441;2.0;1;0;1.0;0.0;1.0;2.0;B01
201800048442;1.0;1;0;0.0;2.0;4.0;0.0;B01
201800048443;2.0;1;0;0.0;2.0;1.0;1.0;B01
201800048455;1.0;1;0;0.0;2.0;1.0;2.0;B01
201800048461;1.0;1;0;0.0;2.0;1.0;1.0;B01
201800048466;1.0;1;0;0.0;2.0;1.0;1.0;B01
201800048469;1.0;1;0;0.0;2.0;7.0;2.0;B01
201800048477;1.0;1;0;0.0;2.0;7.0;1.0;A01
201800048478;2.0;1;0;0.0;2.0;1.0;0.0;B01
201800048479;2.0;1;0;0.0;2.0;1.0;2.0;A01
201800048491;2.0;1;0;1.0;0.0;1.0;2.0;B01
201800048495;2.0;1;0;0.0;2.0;7.0;0.0;B01
201800048496;0.0;1;0;0.0;2.0;0.0;0.0;B01
201800048510;2.0;1;0;0.0;1.0;1.0;1.0;A01
201800048516;2.0;1;0;14.0;0.0;0.0;1.0;A01
201800048518;1.0;1;0;0.0;2.0;1.0;19.0;B01
201800048519;1.0;1;0;0.0;1.0;1.0;1.0;A01
201800048530;0.0;1;0;0.0;4.0;8.0;0.0;B01
201800048532;1.0;1;0;0.0;2.0;5.0;1.0;B01
201800048539;1.0;1;0;0.0;2.0;1.0;19.0;B01
201800048540;1.0;1;0;0.0;2.0;8.0;0.0;B01
201800048542;2.0;1;0;0.0;2.0;1.0;2.0;A01
201800048545;2.0;1;0;0.0;1.0;1.0;19.0;A01
201800048546;1.0;1;0;0.0;2.0;0.0;0.0;A01
201800048549;0.0;1;0;0.0;2.0;8.0;1.0;B01
201800048557;1.0;1;0;1.0;0.0;2.0;1.0;B01
201800048559;0.0;1;0;0.0;2.0;1.0;0.0;A01
201800048560;1.0;1;0;0.0;2.0;1.0;19.0;A01
201800048568;1.0;1;0;0.0;2.0;1.0;1.0;B01
201800048579;2.0;1;0;0.0;2.0;1.0;1.0;B01
201800048592;2.0;1;0;0.0;2.0;7.0;19.0;B01
201800048602;1.0;1;0;0.0;2.0;7.0;1.0;B01
201800048609;0.0;1;0;0.0;2.0;4.0;0.0;B01
201800048615;0.0;1;0;0.0;2.0;7.0;0.0;B01
201800048618;2.0;1;0;0.0;2.0;8.0;1.0;B01
201800048635;1.0;1;0;0.0;2.0;1.0;1.0;B01
201800048637;2.0;1;0;0.0;2.0;1.0;15.0;B01
201800048660;0.0;1;0;0.0;2.0;1.0;1.0;B01
201800048664;2.0;1;0;0.0;2.0;7.0;19.0;B01
201800048672;1.0;1;0;14.0;0.0;0.0;1.0;B01
201800048680;2.0;1;0;0.0;2.0;1.0;2.0;B01
201800048700;2.0;1;0;0.0;2.0;1.0;15.0;B01
201800048714;1.0;1;0;0.0;2.0;8.0;19.0;B01
201800048716;1.0;1;0;0.0;2.0;1.0;19.0;B01
201800048717;2.0;1;0;0.0;2.0;8.0;9.0;B01
201800048720;1.0;1;0;0.0;1.0;1.0;1.0;A01
201800048723;0.0;1;0;0.0;2.0;4.0;13.0;A01
201800048724;0.0;1;0;0.0;0.0;0.0;0.0;A01
201800048726;0.0;1;0;0.0;2.0;1.0;1.0;B01
201800048736;2.0;1;0;1.0;0.0;1.0;1.0;B01
201800048743;2.0;1;0;0.0;2.0;0.0;1.0;B01
201800048748;2.0;1;0;0.0;1.0;1.0;0.0;A01
201800048750;2.0;1;0;0.0;2.0;1.0;1.0;B01
201800048770;1.0;1;0;0.0;2.0;1.0;19.0;A01
201800048772;2.0;1;0;0.0;2.0;7.0;19.0;B01
201800048773;1.0;1;0;0.0;2.0;1.0;0.0;B01
201800048775;0.0;1;0;0.0;2.0;1.0;19.0;B01
201800049501;2.0;1;0;0.0;2.0;4.0;1.0;B01
201800050213;2.0;1;0;0.0;2.0;3.0;7.0;B01
201800050217;1.0;1;0;0.0;2.0;4.0;1.0;B01
201800050225;1.0;1;0;0.0;1.0;1.0;1.0;A01
201800050240;1.0;1;0;0.0;2.0;4.0;7.0;B01
201800050241;2.0;1;0;0.0;1.0;1.0;1.0;A01
201800050252;1.0;1;0;0.0;2.0;1.0;1.0;B01
201800050255;1.0;1;0;0.0;2.0;3.0;15.0;A01
201800050257;1.0;1;0;0.0;2.0;8.0;1.0;A01
201800050258;1.0;1;0;0.0;2.0;1.0;7.0;B01
201800050259;1.0;1;0;0.0;0.0;1.0;7.0;A01
201800050271;1.0;1;0;0.0;1.0;1.0;7.0;A01
201800050274;2.0;1;0;0.0;1.0;2.0;5.0;A01
201800050278;1.0;1;0;0.0;2.0;1.0;15.0;A01
201800050285;1.0;1;0;0.0;2.0;4.0;23.0;B01
201800050286;1.0;1;0;1.0;2.0;3.0;1.0;B01
201800050289;1.0;1;0;0.0;1.0;2.0;1.0;A01
201800050291;1.0;1;0;14.0;2.0;2.0;1.0;B01
201800050295;1.0;1;0;0.0;2.0;6.0;7.0;B01
201800050299;0.0;1;0;0.0;1.0;1.0;1.0;A01
201800050302;0.0;1;0;0.0;2.0;7.0;1.0;A01
201800050303;0.0;1;0;0.0;2.0;0.0;19.0;Z01
201800050306;2.0;1;0;0.0;1.0;2.0;1.0;A01
201800050313;1.0;1;0;0.0;2.0;8.0;1.0;B01
201800050315;2.0;1;0;0.0;2.0;1.0;1.0;B01
201800050323;1.0;1;0;0.0;2.0;3.0;18.0;B01
201800050324;1.0;1;0;0.0;2.0;8.0;1.0;A01
201800050337;1.0;1;0;0.0;2.0;8.0;1.0;A01
201800050338;0.0;1;0;0.0;2.0;1.0;1.0;B01
201800050340;1.0;1;0;0.0;2.0;7.0;7.0;A01
201800050341;1.0;1;0;0.0;2.0;1.0;1.0;B01
201800050343;1.0;1;0;14.0;0.0;0.0;1.0;A01
201800050355;2.0;1;0;0.0;2.0;1.0;7.0;B01
201800050359;1.0;1;0;0.0;2.0;3.0;19.0;B01
201800050370;1.0;1;0;0.0;2.0;1.0;1.0;B01
201800050371;1.0;1;0;0.0;1.0;8.0;1.0;A01
201800050372;1.0;1;0;0.0;2.0;7.0;1.0;B01
201800050373;1.0;1;0;1.0;2.0;5.0;18.0;B01
201800050375;2.0;1;0;0.0;1.0;1.0;1.0;A01
201800050381;0.0;1;0;14.0;0.0;0.0;1.0;A01
201800050385;0.0;1;0;0.0;2.0;1.0;16.0;B01
201800050388;1.0;1;0;0.0;2.0;0.0;2.0;C01
201800050389;2.0;1;0;0.0;2.0;1.0;2.0;B01
201800050392;1.0;1;0;0.0;2.0;8.0;1.0;B01
201800050400;1.0;1;0;15.0;2.0;0.0;18.0;B01
201800050401;2.0;1;0;0.0;1.0;1.0;7.0;A01
201800050409;1.0;1;0;0.0;1.0;1.0;1.0;A01
201800050426;2.0;1;0;0.0;2.0;3.0;1.0;B01
201800050429;1.0;1;0;0.0;2.0;1.0;7.0;B01
201800050430;1.0;1;0;0.0;2.0;1.0;7.0;B01
201800050436;2.0;1;0;0.0;2.0;2.0;1.0;A01
201800050439;2.0;1;0;0.0;2.0;4.0;17.0;B01
201800050440;2.0;1;0;0.0;2.0;3.0;18.0;B01
201800050442;1.0;1;0;0.0;0.0;0.0;1.0;A01
201800050451;2.0;1;0;0.0;2.0;8.0;18.0;B01
201800050452;2.0;1;0;0.0;2.0;8.0;1.0;B01
201800050453;0.0;1;0;0.0;2.0;8.0;19.0;A01
201800050454;2.0;1;0;0.0;2.0;1.0;1.0;B01
201800050459;1.0;1;0;0.0;2.0;0.0;1.0;A01
201800050466;2.0;1;0;0.0;2.0;8.0;1.0;B01
201800050466;2.0;1;0;0.0;2.0;7.0;16.0;A01
201800050468;2.0;1;0;0.0;2.0;3.0;2.0;A01
201800050472;1.0;1;0;0.0;2.0;8.0;19.0;A01
201800050473;1.0;1;0;0.0;2.0;1.0;1.0;B01
201800050478;2.0;1;0;0.0;2.0;4.0;1.0;B01
201800050481;2.0;1;0;0.0;2.0;8.0;1.0;B01
201800050484;2.0;1;0;0.0;2.0;8.0;1.0;Z01
201800050490;2.0;1;0;0.0;2.0;0.0;1.0;B01
201800050494;0.0;1;0;0.0;2.0;8.0;1.0;A01
201800050494;0.0;1;0;0.0;2.0;5.0;13.0;B01
201800050499;2.0;1;0;0.0;2.0;2.0;13.0;B01
201800050502;1.0;1;0;0.0;2.0;3.0;18.0;A01
201800050506;0.0;1;0;0.0;2.0;0.0;1.0;B01
201800050509;1.0;1;0;0.0;2.0;1.0;1.0;B01
201800050525;1.0;1;0;0.0;2.0;7.0;1.0;B01
201800050532;2.0;1;0;0.0;1.0;1.0;1.0;A01
201800050535;2.0;1;0;0.0;1.0;1.0;1.0;A01
201800050558;2.0;1;0;1.0;2.0;1.0;7.0;A01
201800050561;0.0;1;0;0.0;1.0;7.0;1.0;A01
201800050569;1.0;1;0;0.0;2.0;4.0;2.0;A01
201800050571;1.0;1;0;1.0;1.0;1.0;15.0;A01
201800050577;2.0;1;0;0.0;2.0;1.0;1.0;B01
201800050608;1.0;1;0;0.0;2.0;3.0;18.0;B01