Num_Acc;senc;catv;occutc;obs;obsm;choc;manv;num_veh
201800050609;2.0;1;0;0.0;2.0;7.0;7.0;B01
201800050612;2.0;1;0;0.0;1.0;8.0;1.0;A01
201800050615;2.0;1;0;0.0;1.0;8.0;1.0;Z01
201800050619;2.0;1;0;0.0;1.0;7.0;1.0;A01
201800050624;1.0;1;0;0.0;2.0;5.0;17.0;B01
201800050624;1.0;1;0;0.0;2.0;1.0;15.0;A01
201800050632;1.0;1;0;0.0;2.0;8.0;18.0;B01
201800050634;2.0;1;0;0.0;1.0;1.0;1.0;A01
201800050655;0.0;1;0;0.0;1.0;4.0;1.0;A01
201800050661;1.0;1;0;0.0;2.0;1.0;2.0;A01
201800050666;2.0;1;0;0.0;1.0;1.0;7.0;A01
201800050675;1.0;1;0;0.0;1.0;1.0;1.0;Z01
201800050684;2.0;1;0;0.0;1.0;1.0;5.0;A01
201800050695;1.0;1;0;0.0;2.0;4.0;19.0;A01
201800050697;1.0;1;0;0.0;1.0;1.0;7.0;A01
201800050701;1.0;1;0;0.0;2.0;3.0;19.0;B01
201800050702;1.0;1;0;0.0;2.0;8.0;1.0;A01
201800050706;1.0;1;0;0.0;2.0;1.0;1.0;B01
201800050708;2.0;1;0;0.0;1.0;1.0;7.0;A01
201800050713;1.0;1;0;0.0;2.0;1.0;13.0;A01
201800050717;1.0;1;0;1.0;0.0;3.0;1.0;B01
201800050719;1.0;1;0;0.0;2.0;1.0;1.0;B01
201800050722;0.0;1;0;0.0;2.0;8.0;6.0;A01
201800050728;2.0;1;0;0.0;2.0;1.0;15.0;A01
201800050731;2.0;1;0;0.0;2.0;1.0;1.0;A01
201800050737;2.0;1;0;0.0;2.0;0.0;7.0;B01
201800050738;2.0;1;0;0.0;1.0;1.0;5.0;A01
201800050747;1.0;1;0;0.0;1.0;1.0;7.0;A01
201800050750;2.0;1;0;0.0;2.0;8.0;2.0;B01
201800050751;1.0;1;0;0.0;2.0;8.0;17.0;A01
201800050756;2.0;1;0;0.0;2.0;1.0;1.0;B01
201800050758;2.0;1;0;0.0;2.0;1.0;1.0;B01
201800050768;1.0;1;0;0.0;1.0;1.0;1.0;A01
201800050772;2.0;1;0;0.0;2.0;4.0;7.0;B01
201800050774;2.0;1;0;0.0;2.0;1.0;11.0;A01
201800050775;1.0;1;0;0.0;2.0;7.0;1.0;B01
201800050776;2.0;1;0;0.0;2.0;9.0;1.0;B01
201800050778;2.0;1;0;1.0;2.0;8.0;1.0;B01
201800050781;2.0;1;0;0.0;2.0;1.0;5.0;A01
201800050794;1.0;1;0;0.0;2.0;1.0;1.0;A01
201800050795;2.0;1;0;0.0;2.0;1.0;13.0;A01
201800050801;1.0;1;0;0.0;2.0;1.0;1.0;B01
201800050802;1.0;1;0;0.0;2.0;8.0;1.0;B01
201800050804;1.0;1;0;0.0;2.0;1.0;1.0;A01
201800050811;2.0;1;0;0.0;2.0;6.0;15.0;B01
201800050819;2.0;1;0;0.0;1.0;1.0;1.0;A01
201800050821;1.0;1;0;0.0;2.0;1.0;15.0;A01
201800050830;1.0;1;0;0.0;2.0;7.0;19.0;B01
201800050845;1.0;1;0;0.0;2.0;5.0;19.0;B01
201800050851;2.0;1;0;0.0;2.0;3.0;7.0;A01
201800050861;2.0;1;0;0.0;2.0;1.0;1.0;B01
201800050861;1.0;1;0;0.0;2.0;1.0;13.0;A01
201800050868;2.0;1;0;0.0;2.0;8.0;19.0;B01
201800050877;1.0;1;0;0.0;2.0;4.0;1.0;B01
201800050885;1.0;1;0;0.0;2.0;7.0;19.0;B01
201800050892;1.0;1;0;0.0;2.0;2.0;1.0;B01
201800050893;1.0;1;0;0.0;2.0;3.0;1.0;B01
201800050894;1.0;1;0;0.0;2.0;6.0;15.0;B01
201800050901;2.0;1;0;0.0;2.0;1.0;1.0;B01
201800050916;0.0;1;0;0.0;2.0;5.0;1.0;B01
201800050923;1.0;1;0;0.0;2.0;4.0;1.0;B01
201800050925;1.0;1;0;0.0;2.0;8.0;1.0;B01
201800050931;1.0;1;0;0.0;2.0;8.0;7.0;A01
201800050936;2.0;1;0;0.0;2.0;6.0;1.0;A01
201800050939;1.0;1;0;0.0;2.0;8.0;1.0;B01
201800050940;1.0;1;0;0.0;2.0;3.0;1.0;B01
201800050953;1.0;1;0;0.0;2.0;6.0;13.0;B01
201800050958;1.0;1;0;0.0;2.0;2.0;2.0;A01
201800050971;1.0;1;0;0.0;2.0;3.0;13.0;A01
201800051017;1.0;1;0;0.0;2.0;1.0;18.0;B01
201800051056;2.0;1;0;0.0;2.0;1.0;1.0;A01
201800051063;1.0;1;0;1.0;2.0;1.0;1.0;A01
201800051069;1.0;1;0;0.0;2.0;8.0;1.0;B01
201800051073;1.0;1;0;0.0;2.0;1.0;18.0;A01
201800051082;1.0;1;0;0.0;2.0;2.0;12.0;A01
201800051087;1.0;1;0;0.0;2.0;4.0;1.0;B01
201800051093;1.0;1;0;0.0;2.0;8.0;1.0;B01
201800051096;1.0;1;0;0.0;2.0;1.0;1.0;B01
201800051132;2.0;1;0;0.0;2.0;8.0;1.0;B01
201800051135;2.0;1;0;0.0;2.0;1.0;1.0;A01
201800051141;2.0;1;0;0.0;2.0;4.0;2.0;B01
201800051151;2.0;1;0;0.0;2.0;6.0;7.0;B01
201800051176;0.0;1;0;0.0;2.0;8.0;1.0;B01
201800051187;2.0;1;0;0.0;2.0;1.0;1.0;B01
201800051196;0.0;1;0;0.0;2.0;1.0;5.0;A01
201800051218;2.0;1;0;2.0;0.0;2.0;1.0;B01
201800051233;2.0;1;0;0.0;2.0;4.0;23.0;B01
201800051236;1.0;1;0;0.0;1.0;1.0;1.0;A01
201800051274;1.0;1;0;0.0;0.0;0.0;7.0;A01
201800051292;1.0;1;0;0.0;2.0;8.0;7.0;B01
201800051311;1.0;1;0;12.0;1.0;3.0;15.0;A01
201800051327;1.0;1;0;0.0;2.0;1.0;1.0;B01
201800051330;1.0;1;0;0.0;2.0;4.0;2.0;A01
201800051333;2.0;1;0;0.0;1.0;1.0;1.0;A01
201800051355;1.0;1;0;0.0;2.0;4.0;1.0;A01
201800051363;2.0;1;0;0.0;1.0;1.0;1.0;A01
201800051366;2.0;1;0;12.0;2.0;3.0;7.0;B01
201800051373;2.0;1;0;0.0;1.0;1.0;5.0;A01
201800051380;1.0;1;0;0.0;2.0;1.0;2.0;B01
201800051391;2.0;1;0;0.0;1.0;1.0;5.0;Z01
201800051392;0.0;1;0;0.0;1.0;1.0;1.0;Z01
201800051396;0.0;1;0;0.0;2.0;5.0;19.0;B01
201800051400;1.0;1;0;1.0;2.0;8.0;15.0;A01
201800051408;0.0;1;0;0.0;2.0;8.0;1.0;B01
201800051415;2.0;1;0;0.0;2.0;0.0;1.0;A01
201800051415;2.0;1;0;0.0;2.0;0.0;1.0;Z01
201800051422;1.0;1;0;0.0;2.0;9.0;17.0;B01
201800051431;2.0;1;0;0.0;2.0;4.0;1.0;A01
201800051444;1.0;1;0;0.0;1.0;0.0;1.0;A01
201800051447;2.0;1;0;0.0;2.0;1.0;1.0;B01
201800051461;1.0;1;0;0.0;2.0;3.0;1.0;A01
201800051474;2.0;1;0;0.0;2.0;1.0;1.0;B01
201800051482;2.0;1;0;0.0;2.0;1.0;1.0;B01
201800051490;2.0;1;0;0.0;2.0;7.0;1.0;A01
201800051496;2.0;1;0;0.0;1.0;1.0;1.0;Z01
201800051497;1.0;1;0;0.0;2.0;4.0;23.0;B01
201800051502;2.0;1;0;0.0;2.0;8.0;15.0;B01
201800051508;1.0;1;0;0.0;2.0;8.0;11.0;B01
201800051509;1.0;1;0;0.0;2.0;4.0;15.0;B01
201800051511;2.0;1;0;0.0;1.0;1.0;1.0;Z01
201800051516;2.0;1;0;0.0;2.0;1.0;1.0;A01
201800051517;2.0;1;0;0.0;2.0;0.0;21.0;B01
201800051518;1.0;1;0;0.0;2.0;1.0;5.0;A01
201800051523;1.0;1;0;1.0;2.0;2.0;1.0;B01
201800051528;1.0;1;0;0.0;2.0;1.0;1.0;A01
201800051529;1.0;1;0;0.0;2.0;4.0;7.0;B01
201800051530;2.0;1;0;0.0;2.0;7.0;1.0;A01
201800051530;2.0;1;0;0.0;2.0;1.0;7.0;B01
201800051535;2.0;1;0;0.0;2.0;4.0;1.0;A01
201800051539;1.0;1;0;0.0;2.0;7.0;1.0;B01
201800051540;1.0;1;0;0.0;2.0;1.0;1.0;B01
201800051547;2.0;1;0;0.0;1.0;1.0;5.0;A01
201800051552;1.0;1;0;0.0;2.0;3.0;13.0;A01
201800051554;1.0;1;0;1.0;0.0;8.0;1.0;A01
201800051555;2.0;1;0;0.0;1.0;1.0;1.0;A01
201800051556;2.0;1;0;0.0;2.0;1.0;14.0;A01
201800051562;1.0;1;0;0.0;2.0;1.0;1.0;B01
201800051564;1.0;1;0;0.0;2.0;4.0;1.0;B01
201800051567;1.0;1;0;0.0;2.0;7.0;1.0;A01
201800051568;1.0;1;0;0.0;0.0;7.0;17.0;A01
201800051568;1.0;1;0;0.0;0.0;8.0;1.0;B01
201800051571;1.0;1;0;0.0;2.0;8.0;1.0;A01
201800051576;1.0;1;0;0.0;2.0;4.0;18.0;B01
201800051582;2.0;1;0;0.0;2.0;1.0;1.0;B01
201800051586;2.0;1;0;0.0;1.0;0.0;1.0;Z01
201800051587;2.0;1;0;0.0;2.0;5.0;15.0;A01
201800051588;2.0;1;0;0.0;2.0;1.0;5.0;A01
201800051589;2.0;1;0;0.0;2.0;7.0;17.0;B01
201800051594;2.0;1;0;0.0;1.0;0.0;1.0;A01
201800051599;2.0;1;0;0.0;1.0;0.0;1.0;A01
201800051604;1.0;1;0;0.0;2.0;0.0;7.0;B01
201800051606;2.0;1;0;0.0;2.0;0.0;16.0;A01
201800051611;1.0;1;0;0.0;2.0;8.0;15.0;B01
201800051614;2.0;1;0;0.0;1.0;4.0;1.0;A01
201800051618;1.0;1;0;0.0;2.0;1.0;1.0;B01
201800051619;1.0;1;0;0.0;2.0;4.0;13.0;B01
201800051620;2.0;1;0;0.0;2.0;6.0;1.0;A01
201800051623;2.0;1;0;0.0;2.0;4.0;16.0;A01
201800051625;1.0;1;0;0.0;2.0;1.0;1.0;B01
201800051626;1.0;1;0;0.0;2.0;8.0;7.0;B01
201800051629;2.0;1;0;0.0;2.0;7.0;1.0;B01
201800051633;2.0;1;0;0.0;2.0;1.0;1.0;B01
201800051636;2.0;1;0;0.0;2.0;0.0;1.0;B01
201800051687;1.0;1;0;0.0;2.0;3.0;1.0;A01
201800051690;2.0;1;0;0.0;2.0;7.0;1.0;B01
201800051692;1.0;1;0;0.0;2.0;7.0;1.0;A01
201800051694;2.0;1;0;0.0;1.0;1.0;1.0;A01
201800051696;1.0;1;0;14.0;2.0;7.0;14.0;A01
201800051697;1.0;1;0;0.0;1.0;2.0;1.0;A01
201800051699;1.0;1;0;0.0;1.0;3.0;1.0;A01
201800051701;2.0;1;0;0.0;2.0;3.0;1.0;B01
201800051707;1.0;1;0;0.0;2.0;1.0;1.0;A01
201800051710;1.0;1;0;0.0;0.0;0.0;1.0;A01
201800051712;2.0;1;0;0.0;2.0;1.0;1.0;B01
201800051718;1.0;1;0;0.0;2.0;1.0;1.0;A01
201800051722;1.0;1;0;0.0;2.0;2.0;1.0;B01
201800051728;2.0;1;0;0.0;2.0;3.0;1.0;B01
201800051729;2.0;1;0;0.0;2.0;1.0;1.0;B01
201800051730;1.0;1;0;0.0;2.0;4.0;2.0;B01
201800051732;2.0;1;0;0.0;2.0;4.0;11.0;B01
201800051737;2.0;1;0;0.0;2.0;1.0;1.0;B01
201800051740;1.0;1;0;1.0;2.0;1.0;1.0;B01
201800051742;1.0;1;0;0.0;2.0;3.0;5.0;A01
201800051756;1.0;1;0;0.0;2.0;8.0;1.0;B01
201800051758;2.0;1;0;0.0;2.0;2.0;17.0;B01
201800051764;1.0;1;0;0.0;2.0;7.0;15.0;B01
201800051766;1.0;1;0;0.0;2.0;1.0;16.0;B01
201800051769;2.0;1;0;0.0;2.0;3.0;1.0;B01
201800051770;2.0;1;0;0.0;2.0;8.0;16.0;B01
201800051773;2.0;1;0;0.0;1.0;2.0;1.0;A01
201800051774;2.0;1;0;0.0;2.0;1.0;1.0;B01
201800051779;2.0;1;0;1.0;2.0;0.0;1.0;B01
201800051780;1.0;1;0;0.0;2.0;1.0;5.0;B01
201800051781;1.0;1;0;0.0;0.0;0.0;21.0;A01
201800051786;2.0;1;0;0.0;1.0;1.0;5.0;A01
201800051788;1.0;1;0;1.0;2.0;7.0;1.0;B01
201800051795;1.0;1;0;0.0;0.0;0.0;21.0;A01
201800051799;1.0;1;0;0.0;2.0;1.0;1.0;B01
201800051810;2.0;1;0;1.0;2.0;6.0;17.0;B01
201800051815;1.0;1;0;0.0;2.0;1.0;1.0;B01
201800051819;1.0;1;0;0.0;2.0;4.0;2.0;A01
201800051822;1.0;1;0;0.0;2.0;8.0;1.0;B01
201800051823;2.0;1;0;1.0;1.0;1.0;17.0;A01
201800051835;2.0;1;0;12.0;2.0;1.0;18.0;B01
201800051837;2.0;1;0;0.0;2.0;2.0;16.0;B01
201800051839;1.0;1;0;0.0;2.0;1.0;1.0;A01
201800051841;1.0;1;0;0.0;2.0;7.0;1.0;B01
201800051847;2.0;1;0;0.0;1.0;1.0;21.0;A01
201800051848;1.0;1;0;0.0;2.0;6.0;1.0;B01
201800051852;0.0;1;0;0.0;2.0;5.0;19.0;A01
201800051855;2.0;1;0;0.0;1.0;1.0;13.0;A01
201800051876;1.0;1;0;0.0;2.0;1.0;1.0;A01
201800051887;1.0;1;0;1.0;2.0;5.0;1.0;A01
201800051890;2.0;1;0;0.0;2.0;7.0;12.0;B01
201800051891;2.0;1;0;0.0;2.0;6.0;19.0;B01
201800051898;1.0;1;0;0.0;2.0;8.0;19.0;B01
201800051905;1.0;1;0;0.0;2.0;4.0;7.0;B01
201800051926;1.0;1;0;0.0;2.0;8.0;16.0;B01
201800051947;2.0;1;0;0.0;2.0;4.0;2.0;B01
201800051954;1.0;1;0;8.0;1.0;1.0;1.0;A01
201800051959;1.0;1;0;0.0;2.0;5.0;2.0;A01
201800051968;2.0;1;0;0.0;2.0;2.0;7.0;B01
201800051974;2.0;1;0;0.0;2.0;1.0;1.0;B01
201800051995;2.0;1;0;0.0;1.0;3.0;1.0;A01
201800052000;1.0;1;0;0.0;2.0;0.0;1.0;B01
201800052025;2.0;1;0;0.0;0.0;0.0;1.0;A01
201800052040;2.0;1;0;0.0;2.0;8.0;13.0;A01
201800052041;2.0;1;0;0.0;2.0;4.0;7.0;B01
201800052046;2.0;1;0;0.0;2.0;1.0;1.0;A01
201800052056;1.0;1;0;0.0;2.0;2.0;5.0;B01
201800052063;1.0;1;0;1.0;2.0;2.0;1.0;B01
201800052065;1.0;1;0;0.0;0.0;0.0;1.0;A01
201800052069;1.0;1;0;12.0;2.0;1.0;1.0;A01
201800052070;2.0;1;0;0.0;2.0;1.0;1.0;B01
201800052072;1.0;1;0;0.0;2.0;1.0;1.0;B01
201800052079;1.0;1;0;0.0;2.0;2.0;17.0;B01
201800052092;2.0;1;0;0.0;0.0;0.0;1.0;A01
201800052098;2.0;1;0;0.0;1.0;1.0;1.0;A01
201800052100;1.0;1;0;0.0;2.0;8.0;10.0;B01
201800052106;2.0;1;0;4.0;0.0;1.0;21.0;A01
201800052113;1.0;1;0;0.0;2.0;4.0;1.0;B01
201800052115;1.0;1;0;0.0;2.0;1.0;19.0;A01
201800052119;1.0;1;0;0.0;2.0;1.0;19.0;A01
201800052120;2.0;1;0;0.0;2.0;0.0;7.0;B01
201800052131;0.0;1;0;0.0;2.0;1.0;1.0;A01
201800052131;0.0;1;0;0.0;2.0;4.0;23.0;C01
201800052131;0.0;1;0;0.0;2.0;1.0;1.0;B01
201800052134;1.0;1;0;0.0;2.0;1.0;5.0;A01
201800052134;1.0;1;0;0.0;2.0;1.0;1.0;B01
201800052135;1.0;1;0;0.0;2.0;8.0;15.0;A01
201800052135;1.0;1;0;0.0;2.0;1.0;1.0;B01
201800052136;1.0;1;0;0.0;2.0;1.0;1.0;B01
201800052142;2.0;1;0;0.0;2.0;3.0;1.0;B01
201800052143;0.0;1;0;0.0;2.0;1.0;15.0;A01
201800052146;2.0;1;0;0.0;2.0;7.0;1.0;B01
201800052148;1.0;1;0;0.0;2.0;1.0;1.0;A01
201800052153;1.0;1;0;0.0;2.0;1.0;13.0;A01
201800052158;2.0;1;0;0.0;2.0;8.0;1.0;B01
201800052160;1.0;1;0;0.0;2.0;1.0;1.0;B01
201800052165;1.0;1;0;12.0;0.0;2.0;12.0;A01
201800052169;1.0;1;0;0.0;2.0;3.0;19.0;A01
201800052172;1.0;1;0;0.0;0.0;3.0;1.0;A01
201800052182;1.0;1;0;0.0;2.0;4.0;1.0;B01
201800052186;1.0;1;0;0.0;2.0;8.0;1.0;B01
201800052193;1.0;1;0;0.0;1.0;0.0;1.0;Z01
201800052195;1.0;1;0;0.0;2.0;7.0;5.0;B01
201800052197;1.0;1;0;0.0;2.0;8.0;1.0;B01
201800052199;0.0;1;0;0.0;2.0;1.0;1.0;A01
201800052220;1.0;1;0;0.0;2.0;3.0;1.0;B01
201800052235;2.0;1;0;0.0;0.0;7.0;16.0;A01
201800052245;1.0;1;0;0.0;2.0;6.0;13.0;A01
201800052250;2.0;1;0;0.0;2.0;7.0;19.0;B01
201800052254;1.0;1;0;1.0;0.0;2.0;14.0;A01
201800052256;2.0;1;0;0.0;2.0;1.0;19.0;B01
201800052260;1.0;1;0;0.0;2.0;8.0;18.0;A01
201800052269;0.0;1;0;0.0;2.0;7.0;17.0;B01
201800052274;1.0;1;0;0.0;2.0;8.0;19.0;A01
201800052295;2.0;1;0;0.0;2.0;1.0;1.0;B01
201800052315;1.0;1;0;0.0;2.0;1.0;1.0;B01
201800052320;2.0;1;0;0.0;1.0;8.0;1.0;A01
201800052321;2.0;1;0;0.0;2.0;6.0;15.0;A01
201800052326;1.0;1;0;0.0;2.0;1.0;1.0;B01
201800052341;2.0;1;0;0.0;2.0;1.0;1.0;B01
201800052343;1.0;1;0;0.0;2.0;8.0;1.0;B01
201800052351;2.0;1;0;0.0;1.0;1.0;1.0;A01
201800052355;1.0;1;0;0.0;2.0;4.0;1.0;A01
201800052357;1.0;1;0;0.0;1.0;4.0;1.0;A01
201800052368;2.0;1;0;0.0;2.0;3.0;1.0;A01
201800052372;2.0;1;0;0.0;2.0;1.0;1.0;B01
201800052374;1.0;1;0;0.0;1.0;1.0;17.0;A01
201800052376;1.0;1;0;0.0;2.0;3.0;13.0;A01
201800052401;2.0;1;0;0.0;2.0;8.0;1.0;B01
201800052402;2.0;1;0;0.0;2.0;7.0;19.0;C01
201800052403;2.0;1;0;0.0;1.0;3.0;1.0;A01
201800052411;2.0;1;0;0.0;0.0;0.0;21.0;A01
201800052412;1.0;1;0;0.0;2.0;0.0;1.0;A01
201800052412;1.0;1;0;0.0;2.0;5.0;1.0;B01
201800052425;0.0;1;0;0.0;2.0;3.0;19.0;A01
201800052439;1.0;1;0;0.0;1.0;8.0;1.0;A01
201800052451;2.0;1;0;0.0;2.0;1.0;5.0;A01
201800052458;1.0;1;0;0.0;1.0;7.0;2.0;A01
201800052461;1.0;1;0;0.0;1.0;1.0;17.0;A01
201800052463;1.0;1;0;0.0;1.0;1.0;1.0;A01
201800052465;1.0;1;0;0.0;0.0;1.0;21.0;A01
201800052470;2.0;1;0;0.0;2.0;8.0;19.0;A01
201800052481;2.0;1;0;0.0;2.0;1.0;1.0;B01
201800052489;1.0;1;0;0.0;2.0;8.0;13.0;A01
201800052492;2.0;1;0;0.0;2.0;1.0;1.0;A01
201800052502;2.0;1;0;0.0;1.0;7.0;1.0;A01
201800052508;2.0;1;0;9.0;0.0;1.0;1.0;A01
201800052516;2.0;1;0;0.0;2.0;1.0;1.0;B01
201800052526;1.0;1;0;0.0;2.0;1.0;2.0;B01
201800052546;2.0;1;0;0.0;1.0;1.0;1.0;A01
201800052547;2.0;1;0;0.0;2.0;4.0;1.0;B01
201800052548;1.0;1;0;0.0;1.0;7.0;5.0;A01
201800052549;1.0;1;0;0.0;2.0;5.0;2.0;B01
201800052551;2.0;1;0;0.0;2.0;3.0;1.0;B01
201800052554;2.0;1;0;0.0;2.0;3.0;13.0;B01
201800052560;0.0;1;0;0.0;2.0;7.0;19.0;A01
201800052568;2.0;1;0;0.0;2.0;7.0;1.0;B01
201800052578;1.0;1;0;0.0;2.0;1.0;7.0;A01
201800052590;0.0;1;0;0.0;2.0;8.0;1.0;B01
201800052597;0.0;1;0;0.0;2.0;1.0;1.0;A01
201800052604;1.0;1;0;0.0;2.0;0.0;15.0;B01
201800052605;1.0;1;0;0.0;2.0;4.0;2.0;B01
201800052610;2.0;1;0;0.0;2.0;1.0;1.0;B01
201800052615;1.0;1;0;0.0;2.0;0.0;1.0;B01
201800052616;1.0;1;0;0.0;2.0;1.0;1.0;A01
201800052617;2.0;1;0;1.0;2.0;1.0;1.0;B01
201800052618;2.0;1;0;0.0;2.0;3.0;1.0;B01
201800052620;2.0;1;0;0.0;1.0;1.0;1.0;A01
201800052621;2.0;1;0;0.0;1.0;1.0;1.0;A01
201800052630;2.0;1;0;0.0;2.0;8.0;1.0;B01
201800052648;2.0;1;0;0.0;2.0;1.0;1.0;B01
201800052654;2.0;1;0;0.0;1.0;1.0;1.0;A01
201800052662;2.0;1;0;0.0;2.0;1.0;5.0;A01
201800052668;2.0;1;0;0.0;2.0;1.0;1.0;B01
201800052685;1.0;1;0;0.0;2.0;7.0;1.0;B01
201800052692;1.0;1;0;0.0;2.0;1.0;5.0;A01
201800052692;1.0;1;0;0.0;2.0;1.0;1.0;B01
201800052705;1.0;1;0;0.0;1.0;7.0;1.0;A01
201800052709;2.0;1;0;0.0;2.0;0.0;1.0;B01
201800052716;1.0;1;0;11.0;0.0;1.0;13.0;A01
201800052744;1.0;1;0;0.0;2.0;8.0;15.0;B01
201800052747;1.0;1;0;0.0;2.0;2.0;1.0;A01
201800052758;2.0;1;0;0.0;2.0;2.0;1.0;B01
201800052761;1.0;1;0;0.0;2.0;8.0;18.0;A01
201800052764;2.0;1;0;0.0;2.0;1.0;1.0;A01
201800052767;2.0;1;0;0.0;2.0;1.0;1.0;B01
201800052771;1.0;1;0;0.0;2.0;6.0;15.0;A01
201800052773;1.0;1;0;0.0;2.0;8.0;1.0;B01
201800052775;1.0;1;0;0.0;2.0;1.0;17.0;A01
201800052775;2.0;1;0;0.0;2.0;1.0;1.0;B01
201800052791;1.0;1;0;0.0;2.0;3.0;7.0;A01
201800052807;1.0;1;0;0.0;2.0;8.0;7.0;B01
201800052816;2.0;1;0;0.0;2.0;1.0;1.0;B01
201800052821;2.0;1;0;14.0;0.0;7.0;1.0;A01
201800052827;2.0;1;0;0.0;2.0;7.0;17.0;A01
201800052831;2.0;1;0;0.0;1.0;1.0;1.0;A01
201800052843;1.0;1;0;0.0;2.0;8.0;13.0;A01
201800052845;1.0;1;0;12.0;0.0;7.0;14.0;A01
201800052846;1.0;1;0;0.0;2.0;1.0;1.0;B01
201800052855;1.0;1;0;0.0;2.0;1.0;2.0;A01
201800052857;1.0;1;0;0.0;2.0;1.0;2.0;A01
201800052866;1.0;1;0;0.0;0.0;8.0;1.0;A01
201800052870;2.0;1;0;0.0;0.0;8.0;7.0;B01
201800052876;1.0;1;0;0.0;2.0;0.0;22.0;A01
201800052888;2.0;1;0;0.0;1.0;0.0;1.0;Z01
201800052902;1.0;1;0;0.0;2.0;1.0;1.0;B01
201800052913;2.0;1;0;0.0;2.0;1.0;1.0;B01
201800052915;2.0;1;0;0.0;1.0;7.0;1.0;A01
201800052916;1.0;1;0;0.0;2.0;4.0;2.0;B01
201800052925;1.0;1;0;0.0;2.0;4.0;13.0;A01
201800052929;1.0;1;0;0.0;2.0;8.0;1.0;B01
201800052934;2.0;1;0;0.0;2.0;5.0;23.0;B01
201800052940;1.0;1;0;0.0;2.0;1.0;1.0;B01
201800052944;1.0;1;0;0.0;2.0;7.0;14.0;A01
201800052945;2.0;1;0;1.0;0.0;1.0;1.0;A01
201800052947;2.0;1;0;0.0;2.0;1.0;1.0;A01
201800052948;1.0;1;0;0.0;2.0;3.0;18.0;B01
201800052950;2.0;1;0;0.0;2.0;6.0;1.0;B01
201800052984;1.0;1;0;0.0;2.0;1.0;5.0;A01
201800052985;1.0;1;0;0.0;2.0;1.0;7.0;B01
201800052993;1.0;1;0;12.0;0.0;1.0;14.0;A01
201800053007;2.0;1;0;1.0;2.0;1.0;22.0;B01
201800053020;0.0;1;0;0.0;2.0;5.0;1.0;B01
201800053029;2.0;1;0;0.0;2.0;1.0;19.0;B01
201800053031;1.0;1;0;0.0;2.0;1.0;1.0;B01
201800053039;1.0;1;0;0.0;1.0;2.0;1.0;A01
201800053045;1.0;1;0;0.0;2.0;8.0;1.0;A01
201800053051;2.0;1;0;0.0;1.0;7.0;17.0;A01
201800053059;1.0;1;0;0.0;2.0;8.0;19.0;B01
201800053062;2.0;1;0;0.0;1.0;2.0;1.0;A01
201800053066;2.0;1;0;0.0;2.0;3.0;1.0;A01
201800053076;1.0;1;0;0.0;2.0;5.0;1.0;B01
201800053077;1.0;1;0;0.0;2.0;8.0;1.0;A01
201800053078;2.0;1;0;0.0;0.0;0.0;1.0;A01
201800053081;2.0;1;0;0.0;2.0;3.0;1.0;B01
201800053094;1.0;1;0;0.0;2.0;1.0;1.0;A01
201800053098;1.0;1;0;0.0;2.0;1.0;1.0;B01
201800053106;2.0;1;0;0.0;2.0;1.0;1.0;A01
201800053110;1.0;1;0;0.0;1.0;1.0;1.0;A01
201800053112;1.0;1;0;0.0;2.0;1.0;1.0;B01
201800053114;0.0;1;0;0.0;2.0;8.0;5.0;A01
201800053116;2.0;1;0;0.0;2.0;6.0;1.0;A01
201800053119;2.0;1;0;0.0;2.0;0.0;1.0;A01
201800053136;1.0;1;0;0.0;2.0;8.0;1.0;B01
201800053138;2.0;1;0;0.0;2.0;1.0;5.0;A01
201800053139;1.0;1;0;0.0;2.0;1.0;1.0;Z01
201800053141;0.0;1;0;0.0;2.0;8.0;19.0;B01
201800053144;2.0;1;0;0.0;0.0;0.0;7.0;A01
201800053146;1.0;1;0;0.0;2.0;8.0;1.0;B01
201800053146;1.0;1;0;0.0;2.0;7.0;14.0;A01
201800053156;2.0;1;0;0.0;2.0;1.0;1.0;B01