Num_Acc;senc;catv;occutc;obs;obsm;choc;manv;num_veh
201800053157;2.0;1;0;1.0;2.0;1.0;1.0;B01
201800053180;1.0;1;0;0.0;1.0;7.0;1.0;A01
201800053181;2.0;1;0;0.0;2.0;1.0;1.0;C01
201800053188;2.0;1;0;0.0;2.0;1.0;1.0;A01
201800053192;1.0;1;0;0.0;2.0;0.0;15.0;B01
201800053200;2.0;1;0;0.0;2.0;1.0;2.0;A01
201800053210;2.0;1;0;14.0;0.0;1.0;7.0;A01
201800053212;1.0;1;0;0.0;1.0;0.0;1.0;A01
201800053220;1.0;1;0;0.0;2.0;1.0;1.0;B01
201800053229;1.0;1;0;0.0;2.0;3.0;1.0;A01
201800053234;1.0;1;0;0.0;2.0;6.0;15.0;B01
201800053235;0.0;1;0;0.0;2.0;4.0;2.0;A01
201800053248;1.0;1;0;0.0;2.0;1.0;9.0;B01
201800053256;0.0;1;0;0.0;2.0;1.0;1.0;B01
201800053264;1.0;1;0;0.0;2.0;8.0;19.0;A01
201800053299;1.0;1;0;0.0;2.0;8.0;1.0;B01
201800053300;1.0;1;0;0.0;2.0;7.0;19.0;B01
201800053314;0.0;1;0;0.0;2.0;1.0;1.0;B01
201800053321;2.0;1;0;0.0;1.0;1.0;1.0;A01
201800053334;2.0;1;0;0.0;2.0;4.0;2.0;A01
201800053334;2.0;1;0;0.0;2.0;1.0;2.0;B01
201800053337;2.0;1;0;0.0;1.0;1.0;1.0;A01
201800053355;1.0;1;0;0.0;2.0;1.0;1.0;B01
201800053372;2.0;1;0;0.0;2.0;8.0;19.0;B01
201800053383;2.0;1;0;0.0;2.0;1.0;5.0;A01
201800053383;2.0;1;0;0.0;2.0;1.0;1.0;B01
201800053384;2.0;1;0;0.0;2.0;1.0;1.0;B01
201800053395;1.0;1;0;0.0;2.0;1.0;18.0;B01
201800053403;1.0;1;0;0.0;2.0;2.0;15.0;A01
201800053429;2.0;1;0;0.0;2.0;1.0;1.0;B01
201800053430;1.0;1;0;1.0;0.0;6.0;1.0;A01
201800053434;1.0;1;0;0.0;2.0;1.0;1.0;B01
201800053435;2.0;1;0;0.0;2.0;8.0;1.0;B01
201800053445;2.0;1;0;1.0;2.0;4.0;1.0;B01
201800053446;2.0;1;0;0.0;2.0;5.0;1.0;B01
201800053452;2.0;1;0;0.0;2.0;8.0;15.0;B01
201800053455;1.0;1;0;0.0;0.0;0.0;1.0;A01
201800053461;1.0;1;0;0.0;2.0;1.0;1.0;B01
201800053463;2.0;1;0;0.0;2.0;8.0;5.0;A01
201800053465;1.0;1;0;0.0;2.0;4.0;1.0;C01
201800053465;1.0;1;0;0.0;2.0;4.0;1.0;D01
201800053465;1.0;1;0;0.0;2.0;7.0;1.0;B01
201800053465;1.0;1;0;0.0;2.0;7.0;18.0;A01
201800053467;1.0;1;0;0.0;2.0;6.0;1.0;B01
201800053473;1.0;1;0;1.0;0.0;1.0;0.0;A01
201800053483;1.0;1;0;0.0;2.0;4.0;13.0;B01
201800053483;1.0;1;0;0.0;2.0;1.0;2.0;A01
201800053489;2.0;1;0;0.0;2.0;1.0;7.0;B01
201800053489;2.0;1;0;0.0;2.0;4.0;7.0;A01
201800053493;2.0;1;0;0.0;2.0;1.0;1.0;B01
201800053510;1.0;1;0;0.0;2.0;7.0;1.0;A01
201800053521;1.0;1;0;0.0;2.0;0.0;1.0;A01
201800053523;2.0;1;0;1.0;0.0;1.0;1.0;B01
201800053532;1.0;1;0;0.0;0.0;0.0;15.0;A01
201800053537;1.0;1;0;0.0;2.0;2.0;1.0;B01
201800053547;2.0;1;0;1.0;0.0;8.0;1.0;B01
201800053549;1.0;1;0;0.0;2.0;1.0;1.0;A01
201800053549;0.0;1;0;0.0;2.0;6.0;1.0;B01
201800053553;2.0;1;0;0.0;2.0;1.0;2.0;C01
201800053553;2.0;1;0;0.0;2.0;1.0;2.0;B01
201800053557;0.0;1;0;0.0;2.0;6.0;1.0;B01
201800053568;1.0;1;0;0.0;0.0;1.0;1.0;A01
201800053582;2.0;1;0;0.0;2.0;3.0;1.0;B01
201800053584;1.0;1;0;0.0;2.0;1.0;16.0;A01
201800053606;0.0;1;0;0.0;2.0;3.0;19.0;B01
201800053674;2.0;1;0;0.0;2.0;4.0;23.0;B01
201800053678;1.0;1;0;0.0;2.0;1.0;5.0;A01
201800053680;1.0;1;0;0.0;2.0;4.0;19.0;B01
201800053697;1.0;1;0;0.0;2.0;1.0;1.0;B01
201800053758;1.0;1;0;0.0;2.0;3.0;19.0;B01
201800053763;1.0;1;0;0.0;2.0;6.0;1.0;A01
201800053768;1.0;1;0;0.0;2.0;1.0;2.0;A01
201800053789;1.0;1;0;0.0;2.0;1.0;5.0;B01
201800053790;2.0;1;0;0.0;2.0;2.0;19.0;B01
201800053792;2.0;1;0;0.0;2.0;2.0;1.0;B01
201800053820;1.0;1;0;1.0;2.0;1.0;1.0;A01
201800053831;1.0;1;0;0.0;1.0;1.0;1.0;A01
201800053848;1.0;1;0;0.0;2.0;3.0;7.0;B01
201800053857;2.0;1;0;1.0;0.0;1.0;1.0;B01
201800053860;2.0;1;0;0.0;2.0;4.0;13.0;B01
201800053875;2.0;1;0;1.0;2.0;1.0;1.0;B01
201800053877;2.0;1;0;0.0;2.0;1.0;1.0;B01
201800053881;2.0;1;0;0.0;2.0;7.0;1.0;B01
201800053885;1.0;1;0;0.0;1.0;1.0;1.0;A01
201800053892;2.0;1;0;0.0;2.0;1.0;7.0;A01
201800053905;2.0;1;0;0.0;2.0;4.0;23.0;B01
201800053906;1.0;1;0;0.0;2.0;3.0;1.0;B01
201800053914;1.0;1;0;0.0;0.0;0.0;21.0;A01
201800053918;1.0;1;0;0.0;2.0;1.0;2.0;A01
201800053920;1.0;1;0;0.0;0.0;8.0;1.0;A01
201800053924;2.0;1;0;0.0;2.0;8.0;7.0;B01
201800053965;1.0;1;0;0.0;2.0;1.0;1.0;B01
201800053973;1.0;1;0;0.0;2.0;7.0;19.0;B01
201800053979;1.0;1;0;0.0;1.0;1.0;1.0;A01
201800053991;2.0;1;0;0.0;1.0;1.0;1.0;A01
201800053994;1.0;1;0;11.0;2.0;4.0;1.0;B01
201800054019;2.0;1;0;0.0;2.0;1.0;1.0;A01
201800054031;1.0;1;0;0.0;2.0;8.0;13.0;A01
201800054041;1.0;1;0;0.0;2.0;2.0;14.0;B01
201800054047;2.0;1;0;0.0;1.0;1.0;1.0;Z01
201800054055;2.0;1;0;0.0;2.0;2.0;19.0;B01
201800054058;1.0;1;0;0.0;2.0;3.0;15.0;B01
201800054076;2.0;1;0;0.0;2.0;1.0;17.0;B01
201800054077;2.0;1;0;0.0;1.0;1.0;1.0;A01
201800054098;1.0;1;0;0.0;2.0;1.0;1.0;B01
201800054101;2.0;1;0;0.0;2.0;8.0;1.0;B01
201800054120;2.0;1;0;0.0;2.0;4.0;19.0;B01
201800054128;2.0;1;0;0.0;2.0;1.0;1.0;B01
201800054131;2.0;1;0;0.0;2.0;7.0;1.0;B01
201800054137;2.0;1;0;0.0;2.0;2.0;1.0;B01
201800054142;1.0;1;0;0.0;0.0;2.0;21.0;A01
201800054145;1.0;1;0;0.0;2.0;8.0;15.0;B01
201800054151;1.0;1;0;0.0;2.0;1.0;1.0;B01
201800054154;1.0;1;0;0.0;2.0;1.0;1.0;B01
201800054155;1.0;1;0;0.0;1.0;2.0;1.0;A01
201800054156;1.0;1;0;1.0;2.0;0.0;1.0;B01
201800054158;1.0;1;0;0.0;2.0;0.0;7.0;B01
201800054160;1.0;1;0;0.0;2.0;8.0;16.0;B01
201800054161;1.0;1;0;0.0;2.0;8.0;1.0;B01
201800054163;2.0;1;0;0.0;2.0;1.0;1.0;B01
201800054176;1.0;1;0;0.0;2.0;1.0;19.0;A01
201800054179;0.0;1;0;0.0;2.0;1.0;19.0;B01
201800054186;1.0;1;0;0.0;1.0;1.0;1.0;A01
201800054187;2.0;1;0;0.0;2.0;2.0;1.0;B01
201800054199;1.0;1;0;0.0;1.0;1.0;1.0;A01
201800054204;1.0;1;0;0.0;2.0;3.0;5.0;B01
201800054205;1.0;1;0;0.0;2.0;4.0;1.0;B01
201800054211;1.0;1;0;0.0;1.0;1.0;19.0;A01
201800054225;2.0;1;0;0.0;1.0;1.0;7.0;A01
201800054228;2.0;1;0;0.0;2.0;1.0;1.0;B01
201800054252;0.0;1;0;0.0;2.0;2.0;19.0;B01
201800054265;1.0;1;0;0.0;2.0;1.0;1.0;B01
201800054274;1.0;1;0;0.0;2.0;2.0;1.0;B01
201800054286;2.0;1;0;0.0;1.0;1.0;1.0;A01
201800054287;2.0;1;0;0.0;2.0;6.0;19.0;B01
201800054294;2.0;1;0;0.0;2.0;1.0;1.0;B01
201800054308;1.0;1;0;0.0;1.0;8.0;1.0;A01
201800054316;1.0;1;0;0.0;2.0;1.0;1.0;B01
201800054318;1.0;1;0;0.0;2.0;7.0;1.0;A01
201800054322;2.0;1;0;0.0;2.0;7.0;1.0;B01
201800054324;2.0;1;0;0.0;2.0;1.0;1.0;A01
201800054332;1.0;1;0;0.0;1.0;1.0;1.0;A01
201800054334;2.0;1;0;0.0;2.0;1.0;1.0;B01
201800054339;2.0;1;0;0.0;1.0;1.0;1.0;A01
201800054340;1.0;1;0;0.0;1.0;1.0;1.0;A01
201800054353;2.0;1;0;0.0;2.0;7.0;1.0;A01
201800054370;2.0;1;0;0.0;2.0;1.0;5.0;A01
201800054382;1.0;1;0;0.0;2.0;1.0;19.0;B01
201800054397;1.0;1;0;1.0;2.0;1.0;1.0;B01
201800054398;2.0;1;0;0.0;2.0;1.0;1.0;B01
201800054409;2.0;1;0;0.0;2.0;3.0;13.0;B01
201800054410;1.0;1;0;0.0;2.0;1.0;16.0;A01
201800054414;2.0;1;0;0.0;2.0;1.0;1.0;B01
201800054430;1.0;1;0;0.0;1.0;1.0;7.0;A01
201800054435;1.0;1;0;0.0;1.0;1.0;21.0;A01
201800054440;2.0;1;0;0.0;2.0;8.0;19.0;B01
201800054445;1.0;1;0;1.0;0.0;1.0;14.0;A01
201800054459;1.0;1;0;0.0;2.0;8.0;1.0;B01
201800054463;1.0;1;0;0.0;2.0;3.0;1.0;B01
201800054464;1.0;1;0;0.0;2.0;6.0;1.0;A01
201800054478;1.0;1;0;0.0;2.0;8.0;7.0;B01
201800054482;1.0;1;0;0.0;0.0;1.0;1.0;Y01
201800054487;2.0;1;0;0.0;2.0;1.0;1.0;A01
201800054488;0.0;1;0;0.0;2.0;7.0;1.0;B01
201800054490;1.0;1;0;0.0;2.0;8.0;19.0;B01
201800054519;2.0;1;0;0.0;2.0;1.0;5.0;A01
201800054522;0.0;1;0;0.0;2.0;1.0;1.0;B01
201800054526;2.0;1;0;0.0;0.0;0.0;21.0;A01
201800054531;2.0;1;0;0.0;2.0;4.0;1.0;A01
201800054550;1.0;1;0;0.0;0.0;0.0;1.0;A01
201800054564;1.0;1;0;0.0;2.0;8.0;1.0;B01
201800054567;1.0;1;0;0.0;2.0;1.0;2.0;B01
201800054571;2.0;1;0;0.0;2.0;2.0;19.0;B01
201800054572;1.0;1;0;0.0;2.0;8.0;3.0;B01
201800054573;2.0;1;0;0.0;1.0;1.0;5.0;A01
201800054581;2.0;1;0;0.0;2.0;1.0;11.0;A01
201800054582;1.0;1;0;0.0;1.0;1.0;1.0;A01
201800054613;0.0;1;0;0.0;2.0;1.0;1.0;B01
201800054627;2.0;1;0;0.0;2.0;8.0;23.0;A01
201800054633;2.0;1;0;0.0;1.0;1.0;1.0;A01
201800054634;2.0;1;0;0.0;2.0;1.0;16.0;B01
201800054636;2.0;1;0;0.0;2.0;1.0;1.0;B01
201800054639;2.0;1;0;0.0;2.0;0.0;1.0;B01
201800054640;2.0;1;0;8.0;2.0;8.0;1.0;A01
201800054652;2.0;1;0;0.0;2.0;1.0;1.0;B01
201800054661;1.0;1;0;0.0;2.0;8.0;10.0;A01
201800054676;2.0;1;0;0.0;2.0;3.0;1.0;B01
201800054677;2.0;1;0;0.0;2.0;2.0;1.0;A01
201800054691;2.0;1;0;0.0;2.0;8.0;1.0;B01
201800054693;2.0;1;0;1.0;1.0;1.0;1.0;A01
201800054698;1.0;1;0;0.0;2.0;6.0;23.0;B01
201800054705;1.0;1;0;0.0;2.0;8.0;1.0;A01
201800054713;2.0;1;0;0.0;2.0;1.0;19.0;B01
201800054721;2.0;1;0;0.0;2.0;8.0;13.0;B01
201800054722;1.0;1;0;0.0;2.0;1.0;1.0;B01
201800054725;1.0;1;0;0.0;2.0;2.0;9.0;B01
201800054736;1.0;1;0;0.0;2.0;8.0;19.0;A01
201800054738;2.0;1;0;0.0;2.0;1.0;1.0;A01
201800054739;1.0;1;0;0.0;0.0;8.0;1.0;A01
201800054741;2.0;1;0;0.0;1.0;1.0;1.0;A01
201800054758;1.0;1;0;0.0;2.0;3.0;1.0;A01
201800054761;1.0;1;0;0.0;2.0;2.0;19.0;B01
201800054764;1.0;1;0;0.0;2.0;4.0;16.0;A01
201800054776;2.0;1;0;0.0;2.0;1.0;8.0;A01
201800054785;2.0;1;0;0.0;2.0;2.0;1.0;B01
201800054786;2.0;1;0;0.0;1.0;1.0;1.0;A01
201800054798;2.0;1;0;0.0;2.0;1.0;1.0;B01
201800054803;1.0;1;0;0.0;2.0;3.0;16.0;A01
201800054806;2.0;1;0;0.0;2.0;1.0;1.0;B01
201800054810;2.0;1;0;0.0;2.0;2.0;1.0;A01
201800054813;2.0;1;0;0.0;2.0;1.0;1.0;B01
201800054832;1.0;1;0;0.0;2.0;7.0;1.0;B01
201800054844;2.0;1;0;0.0;2.0;3.0;1.0;A01
201800054846;2.0;1;0;0.0;2.0;1.0;17.0;B01
201800054850;2.0;1;0;0.0;1.0;1.0;1.0;A01
201800054872;2.0;1;0;0.0;2.0;3.0;13.0;A01
201800054875;2.0;1;0;0.0;2.0;1.0;1.0;B01
201800054879;0.0;1;0;0.0;2.0;1.0;7.0;B01
201800054881;0.0;1;0;0.0;2.0;1.0;9.0;A01
201800054883;2.0;1;0;0.0;2.0;8.0;17.0;B01
201800054885;1.0;1;0;0.0;2.0;1.0;1.0;B01
201800054892;2.0;1;0;0.0;2.0;1.0;1.0;B01
201800054907;1.0;1;0;0.0;0.0;8.0;1.0;A01
201800054913;1.0;1;0;0.0;2.0;8.0;1.0;C01
201800054957;0.0;1;0;0.0;2.0;2.0;1.0;B01
201800054972;2.0;1;0;0.0;1.0;1.0;1.0;A01
201800054981;2.0;1;0;0.0;2.0;1.0;5.0;B01
201800054982;0.0;1;0;0.0;2.0;3.0;19.0;B01
201800054983;2.0;1;0;0.0;2.0;5.0;1.0;B01
201800054987;2.0;1;0;0.0;2.0;1.0;15.0;B01
201800055017;1.0;1;0;0.0;2.0;1.0;1.0;A01
201800055024;1.0;1;0;9.0;0.0;1.0;1.0;A01
201800055030;1.0;1;0;0.0;0.0;8.0;1.0;A01
201800055039;1.0;1;0;0.0;2.0;1.0;1.0;B01
201800055045;1.0;1;0;1.0;2.0;1.0;1.0;B01
201800055047;2.0;1;0;0.0;2.0;6.0;16.0;B01
201800055079;0.0;1;0;0.0;2.0;4.0;18.0;B01
201800055101;1.0;1;0;0.0;2.0;7.0;19.0;B01
201800055125;1.0;1;0;0.0;2.0;4.0;16.0;A01
201800055127;2.0;1;0;0.0;2.0;3.0;1.0;B01
201800055134;0.0;1;0;0.0;2.0;3.0;1.0;B01
201800055135;1.0;1;0;0.0;2.0;4.0;23.0;B01
201800055139;2.0;1;0;0.0;2.0;1.0;1.0;B01
201800055158;2.0;1;0;0.0;1.0;1.0;17.0;A01
201800055197;1.0;1;0;1.0;2.0;1.0;17.0;B01
201800055200;0.0;1;0;0.0;2.0;8.0;1.0;A01
201800055202;2.0;1;0;1.0;2.0;1.0;7.0;B01
201800055208;1.0;1;0;0.0;2.0;8.0;1.0;B01
201800055210;1.0;1;0;0.0;1.0;1.0;1.0;A01
201800055774;0.0;1;0;0.0;2.0;0.0;15.0;B01
201800055781;0.0;1;0;0.0;2.0;8.0;14.0;B01
201800055809;1.0;1;0;3.0;0.0;2.0;14.0;A01
201800055817;2.0;1;0;0.0;0.0;4.0;1.0;B01
201800055819;1.0;1;0;0.0;2.0;8.0;0.0;B01
201800055832;0.0;1;0;0.0;2.0;3.0;15.0;A01
201800055903;2.0;1;0;0.0;2.0;8.0;19.0;A01
201800055930;1.0;1;0;0.0;2.0;8.0;1.0;B01
201800055930;1.0;1;0;0.0;2.0;8.0;1.0;C01
201800055931;0.0;1;0;0.0;2.0;4.0;1.0;B01
201800055933;0.0;1;0;0.0;2.0;3.0;0.0;B01
201800055934;2.0;1;0;0.0;2.0;1.0;0.0;A01
201800055941;1.0;1;0;0.0;2.0;1.0;13.0;B01
201800056000;0.0;1;0;0.0;2.0;9.0;1.0;C01
201800056001;2.0;1;0;0.0;2.0;4.0;0.0;B01
201800056010;0.0;1;0;0.0;2.0;8.0;10.0;B01
201800056016;0.0;1;0;0.0;2.0;8.0;2.0;B01
201800056019;1.0;1;0;0.0;2.0;1.0;11.0;B01
201800056068;1.0;1;0;0.0;2.0;0.0;1.0;B01
201800056082;1.0;1;0;0.0;2.0;3.0;11.0;A01
201800056085;1.0;1;0;0.0;2.0;4.0;13.0;B01
201800056087;1.0;1;0;0.0;2.0;8.0;0.0;A01
201800056096;0.0;1;0;0.0;1.0;2.0;1.0;A01
201800056117;2.0;1;0;0.0;2.0;1.0;1.0;B01
201800056121;1.0;1;0;0.0;2.0;3.0;13.0;B01
201800056144;0.0;1;0;0.0;2.0;1.0;1.0;B01
201800056152;2.0;1;0;13.0;2.0;0.0;17.0;B01
201800056208;0.0;1;0;0.0;2.0;1.0;5.0;B01
201800056227;0.0;1;0;0.0;9.0;7.0;1.0;A01
201800056232;2.0;1;0;0.0;0.0;4.0;2.0;B01
201800056232;2.0;1;0;0.0;0.0;4.0;2.0;C01
201800056239;0.0;1;0;1.0;2.0;2.0;1.0;B01
201800056243;1.0;1;0;14.0;0.0;1.0;1.0;A01
201800056245;0.0;1;0;0.0;2.0;1.0;1.0;B01
201800056248;1.0;1;0;0.0;2.0;4.0;18.0;B01
201800056248;1.0;1;0;0.0;2.0;1.0;1.0;C01
201800056249;2.0;1;0;0.0;2.0;6.0;1.0;B01
201800056250;0.0;1;0;0.0;0.0;4.0;1.0;A01
201800056265;1.0;1;0;0.0;2.0;8.0;19.0;A01
201800056267;0.0;1;0;13.0;0.0;0.0;0.0;A01
201800056270;0.0;1;0;0.0;2.0;0.0;13.0;B01
201800056293;0.0;1;0;0.0;2.0;1.0;19.0;B01
201800056317;2.0;1;0;0.0;2.0;4.0;1.0;B01
201800056320;0.0;1;0;6.0;0.0;1.0;0.0;A01
201800056322;2.0;1;0;0.0;2.0;7.0;1.0;A01
201800056352;1.0;1;0;1.0;0.0;1.0;1.0;B01
201800056353;1.0;1;0;0.0;2.0;8.0;16.0;B01
201800056355;0.0;1;0;0.0;0.0;0.0;1.0;A01
201800056364;2.0;1;0;0.0;2.0;1.0;10.0;B01
201800056369;2.0;1;0;0.0;2.0;1.0;5.0;A01
201800056372;0.0;1;0;0.0;2.0;7.0;17.0;A01
201800056383;2.0;1;0;0.0;2.0;1.0;8.0;A01
201800056387;0.0;1;0;0.0;2.0;3.0;1.0;B01
201800056392;2.0;1;0;0.0;0.0;0.0;0.0;B01
201800056438;2.0;1;0;0.0;2.0;8.0;0.0;B01
201800056451;2.0;1;0;0.0;0.0;4.0;1.0;A01
201800056456;2.0;1;0;0.0;2.0;1.0;15.0;B01
201800056490;0.0;1;0;0.0;2.0;1.0;1.0;B01
201800056511;1.0;1;0;0.0;0.0;0.0;23.0;B01
201800056512;2.0;1;0;0.0;2.0;1.0;1.0;B01
201800056520;0.0;1;0;0.0;2.0;1.0;15.0;B01
201800056524;2.0;1;0;13.0;0.0;1.0;1.0;A01
201800056555;1.0;1;0;0.0;2.0;7.0;21.0;B01
201800056561;2.0;1;0;0.0;2.0;8.0;1.0;B01
201800056582;1.0;1;0;0.0;2.0;1.0;14.0;B01
201800056585;1.0;1;0;0.0;2.0;4.0;13.0;B01
201800056602;0.0;1;0;0.0;2.0;2.0;15.0;C01
201800056602;0.0;1;0;0.0;2.0;3.0;15.0;B01
201800056619;1.0;1;0;0.0;2.0;1.0;1.0;D01
201800056619;1.0;1;0;0.0;2.0;1.0;1.0;E01
201800056619;1.0;1;0;0.0;2.0;1.0;1.0;A01
201800056619;1.0;1;0;0.0;2.0;1.0;1.0;C01
201800056619;1.0;1;0;0.0;2.0;1.0;1.0;B01
201800056624;1.0;1;0;0.0;2.0;8.0;2.0;B01
201800056629;1.0;1;0;0.0;2.0;8.0;1.0;B01
201800056652;2.0;1;0;0.0;2.0;1.0;1.0;B01
201800056662;2.0;1;0;0.0;2.0;1.0;0.0;A01
201800056674;2.0;1;0;0.0;2.0;8.0;13.0;A01
201800056717;2.0;1;0;0.0;6.0;1.0;13.0;B01
201800056784;1.0;1;0;0.0;2.0;2.0;1.0;B01
201800056828;1.0;1;0;0.0;2.0;1.0;2.0;B01
201800056842;1.0;1;0;0.0;2.0;0.0;0.0;B01
201800056843;1.0;1;0;0.0;2.0;4.0;2.0;B01
201800056850;1.0;1;0;0.0;2.0;1.0;15.0;A01
201800056854;1.0;1;0;0.0;2.0;4.0;1.0;B01
201800056856;1.0;1;0;0.0;2.0;1.0;15.0;A01
201800056878;1.0;1;0;0.0;2.0;1.0;15.0;A01
201800056885;1.0;1;0;0.0;2.0;8.0;1.0;A01
201800056895;0.0;1;0;0.0;2.0;4.0;2.0;B01
201800056917;0.0;1;0;0.0;2.0;6.0;1.0;B01
201800056928;2.0;1;0;0.0;2.0;1.0;18.0;A01
201800056933;1.0;1;0;0.0;2.0;4.0;1.0;B01
201800056934;0.0;1;0;0.0;2.0;1.0;1.0;A01
201800056936;0.0;1;0;0.0;2.0;0.0;0.0;B01
201800056939;1.0;1;0;0.0;2.0;0.0;0.0;B01
201800056941;0.0;1;0;0.0;2.0;1.0;5.0;A01
201800056952;1.0;1;0;0.0;2.0;4.0;0.0;B01
201800056958;0.0;1;0;0.0;2.0;1.0;19.0;B01
201800056963;1.0;1;0;0.0;2.0;8.0;1.0;B01
201800056964;1.0;1;0;0.0;2.0;7.0;19.0;B01
201800056964;1.0;1;0;0.0;2.0;0.0;19.0;C01
201800057010;0.0;1;0;0.0;2.0;1.0;19.0;A01
201800057025;1.0;1;0;0.0;2.0;0.0;19.0;B01
201800057040;1.0;1;0;0.0;2.0;8.0;1.0;B01
201800057042;2.0;1;0;0.0;0.0;0.0;0.0;B01
201800057045;1.0;1;0;0.0;2.0;4.0;1.0;B01
201800057064;0.0;1;0;0.0;2.0;8.0;15.0;B01
201800057089;0.0;1;0;0.0;2.0;3.0;1.0;B01
201800057097;1.0;1;0;0.0;2.0;1.0;15.0;A01
201800057108;0.0;1;0;0.0;2.0;4.0;1.0;B01
201800057116;0.0;1;0;0.0;2.0;1.0;1.0;A01
201800057119;0.0;1;0;0.0;2.0;6.0;19.0;A01
201800057121;0.0;1;0;0.0;2.0;0.0;1.0;B01
201800057130;0.0;1;0;0.0;6.0;8.0;2.0;B01
201800057152;0.0;1;0;0.0;0.0;8.0;19.0;B01
201800057154;2.0;1;0;0.0;2.0;1.0;13.0;B01
201800057168;1.0;1;0;0.0;2.0;1.0;1.0;B01
201800057183;0.0;1;0;0.0;2.0;1.0;21.0;B01
201800057190;0.0;1;0;0.0;2.0;4.0;16.0;A01
201800057196;0.0;1;0;0.0;2.0;1.0;19.0;A01
201800057202;1.0;1;0;0.0;2.0;1.0;1.0;B01
201800057205;0.0;1;0;14.0;2.0;3.0;9.0;A01
201800057206;1.0;1;0;1.0;0.0;1.0;2.0;B01
201800057211;0.0;1;0;0.0;1.0;1.0;13.0;A01
201800057219;2.0;1;0;0.0;2.0;4.0;1.0;B01
201800057225;0.0;1;0;0.0;2.0;2.0;1.0;B01
201800057226;0.0;1;0;0.0;2.0;1.0;15.0;B01
201800057230;0.0;1;0;0.0;2.0;8.0;2.0;B01
201800057233;0.0;1;0;0.0;2.0;4.0;2.0;B01
201800057244;1.0;1;0;0.0;2.0;4.0;2.0;B01
201800057245;1.0;1;0;0.0;0.0;5.0;0.0;A01
201800057253;1.0;1;0;0.0;2.0;7.0;13.0;A01
201800057256;0.0;1;0;0.0;2.0;4.0;2.0;A01
201800057264;1.0;1;0;0.0;2.0;1.0;1.0;B01
201800057268;1.0;1;0;0.0;2.0;0.0;0.0;B01
201800057288;2.0;1;0;0.0;2.0;1.0;1.0;B01
201800057310;1.0;1;0;0.0;2.0;3.0;1.0;B01
201800057323;0.0;1;0;0.0;2.0;1.0;7.0;B01
201800057326;2.0;1;0;0.0;2.0;3.0;0.0;B01
201800057335;1.0;1;0;0.0;2.0;4.0;2.0;B01
201800057365;1.0;1;0;0.0;2.0;1.0;8.0;A01
201800057389;2.0;1;0;0.0;2.0;6.0;5.0;B01
201800057403;1.0;1;0;0.0;2.0;1.0;5.0;A01
201800057415;1.0;1;0;0.0;2.0;1.0;1.0;B01
201800057420;1.0;1;0;0.0;2.0;3.0;2.0;B01
201800057454;2.0;1;0;0.0;2.0;1.0;21.0;B01
201800057473;1.0;1;0;0.0;2.0;4.0;1.0;B01
201800057492;2.0;1;0;0.0;2.0;1.0;13.0;B01
201800057495;0.0;1;0;0.0;2.0;1.0;11.0;B01
201800057508;1.0;1;0;0.0;6.0;1.0;2.0;B01
201800057521;1.0;1;0;9.0;2.0;1.0;2.0;B01
201800057523;2.0;1;0;0.0;0.0;6.0;13.0;A01
201800057544;1.0;1;0;0.0;2.0;1.0;0.0;B01
201800057547;1.0;1;0;0.0;2.0;4.0;1.0;B01
201800057553;2.0;1;0;0.0;2.0;1.0;1.0;B01
201800057561;2.0;1;0;0.0;2.0;1.0;0.0;A01
201800057582;1.0;1;0;5.0;2.0;3.0;9.0;B01
201800057587;1.0;1;0;0.0;2.0;8.0;0.0;B01
201800057593;1.0;1;0;15.0;2.0;3.0;9.0;B01
201800057611;2.0;1;0;0.0;1.0;1.0;0.0;A01
201800057630;2.0;1;0;0.0;2.0;0.0;0.0;B01
201800057676;0.0;1;0;0.0;1.0;1.0;0.0;A01
201800057718;1.0;1;0;0.0;2.0;0.0;0.0;B01
201800057777;2.0;1;0;0.0;1.0;1.0;15.0;A01